date,roaster,url,weight_g,price,name,variant
2026-07-14,9-grams-coffee,https://www.coffeeart.me/9-grams-coffee-brazil-diamantina/,1000,29.9,9 Grams Coffee Brazil Diamantina
2026-07-14,9-grams-coffee,https://www.coffeeart.me/9-grams-coffee-brazil-diamantina/,250,9.9,9 Grams Coffee Brazil Diamantina
2026-07-14,9-grams-coffee,https://www.coffeeart.me/9-grams-coffee-queen-bean-blend/,1000,29.9,9 Grams Coffee Queen Bean Blend
2026-07-14,9-grams-coffee,https://www.coffeeart.me/9-grams-coffee-queen-bean-blend/,250,9.9,9 Grams Coffee Queen Bean Blend
2026-07-14,9-grams-coffee,https://www.coffeeart.me/9-grams-coffee-ethiopia-idedo-natural/,1000,36.0,9 Grams Coffee Ethiopia IDEDO natural
2026-07-14,9-grams-coffee,https://www.coffeeart.me/9-grams-coffee-ethiopia-idedo-natural/,250,13.0,9 Grams Coffee Ethiopia IDEDO natural
2026-07-14,9-grams-coffee,https://www.coffeeart.me/9-grams-coffee-colombia-excelso-la-flaca-sugar-cane-decaf/,1000,39.9,9 Grams Coffee Colombia Excelso La Flaca Sugar Cane DECAF
2026-07-14,9-grams-coffee,https://www.coffeeart.me/9-grams-coffee-colombia-excelso-la-flaca-sugar-cane-decaf/,250,13.9,9 Grams Coffee Colombia Excelso La Flaca Sugar Cane DECAF
2026-07-14,9-grams-coffee,https://www.coffeeart.me/9-grams-coffee-uganda-robusta-clean-screen-18/,1000,19.9,9 Grams Coffee Uganda Robusta CLEAN screen 18
2026-07-14,9-grams-coffee,https://www.coffeeart.me/9-grams-coffee-uganda-robusta-clean-screen-18/,250,9.0,9 Grams Coffee Uganda Robusta CLEAN screen 18
2026-07-14,9-grams-coffee,https://www.coffeeart.me/9-grams-coffee-ethiopia-sidamo-gr2-guji-washed/,1000,29.9,9 Grams Coffee Ethiopia SIDAMO GR2 Guji washed
2026-07-14,9-grams-coffee,https://www.coffeeart.me/9-grams-coffee-ethiopia-sidamo-gr2-guji-washed/,250,9.9,9 Grams Coffee Ethiopia SIDAMO GR2 Guji washed
2026-07-14,9-grams-coffee,https://www.coffeeart.me/9-grams-coffee-guatemala-remito-washed/,1000,31.0,9 Grams Coffee Guatemala Remito washed
2026-07-14,9-grams-coffee,https://www.coffeeart.me/9-grams-coffee-guatemala-remito-washed/,250,9.9,9 Grams Coffee Guatemala Remito washed
2026-07-14,9-grams-coffee,https://www.coffeeart.me/9-grams-coffee-chocolate-cream/,250,13.8,9 Grams Coffee - Chocolate Cream
2026-07-14,9-grams-coffee,https://www.coffeeart.me/9-grams-coffee-chocolate-cream/,1000,55.2,9 Grams Coffee - Chocolate Cream
2026-07-14,9-grams-coffee,https://www.coffeeart.me/zelena-kava-colombia-supremo-17-18-1-kg/,1000,20.0,Zelená káva Colombia Supremo 17/18 - 1 kg
2026-07-14,9-grams-coffee,https://www.coffeeart.me/9-grams-coffee-el-salvador-el-borbollon-washed/,250,9.9,9 Grams Coffee El Salvador El Borbollon washed
2026-07-14,9-grams-coffee,https://www.coffeeart.me/9-grams-coffee-el-salvador-el-borbollon-washed/,1000,39.6,9 Grams Coffee El Salvador El Borbollon washed
2026-07-14,9-grams-coffee,https://www.coffeeart.me/9-grams-coffee-ethiopia-west-arsi-gr1-natural/,1000,29.9,9 Grams Coffee Ethiopia WEST ARSI GR1 natural
2026-07-14,9-grams-coffee,https://www.coffeeart.me/9-grams-coffee-ethiopia-west-arsi-gr1-natural/,250,12.9,9 Grams Coffee Ethiopia WEST ARSI GR1 natural
2026-07-14,9-grams-coffee,https://www.coffeeart.me/zelena-kava-ethiopia-sidamo-gr4-guji-natural-1kg/,1000,20.0,Zelená káva Ethiopia SIDAMO GR4 Guji natural-1kg
2026-07-14,9-grams-coffee,https://www.coffeeart.me/9-grams-coffee-lady-milk-blend/,1000,31.9,9 Grams Coffee Lady Milk blend
2026-07-14,9-grams-coffee,https://www.coffeeart.me/9-grams-coffee-lady-milk-blend/,250,9.9,9 Grams Coffee Lady Milk blend
2026-07-14,9-grams-coffee,https://www.coffeeart.me/9-grams-coffee-ethiopia-uraga-gr1-guji-natural/,1000,39.0,9 Grams Coffee Ethiopia Uraga GR1 Guji Natural
2026-07-14,9-grams-coffee,https://www.coffeeart.me/9-grams-coffee-ethiopia-uraga-gr1-guji-natural/,250,14.0,9 Grams Coffee Ethiopia Uraga GR1 Guji Natural
2026-07-14,9-grams-coffee,https://www.coffeeart.me/9-grams-coffee-ethiopia-uraga-gr1-guji-natural/,250,14.0,9 Grams Coffee Ethiopia Uraga GR1 Guji Natural
2026-07-14,9-grams-coffee,https://www.coffeeart.me/9-grams-coffee-uganda-jumbo-washed-robusta/,1000,22.0,9 Grams Coffee Uganda JUMBO washed Robusta
2026-07-14,9-grams-coffee,https://www.coffeeart.me/9-grams-coffee-uganda-jumbo-washed-robusta/,250,8.9,9 Grams Coffee Uganda JUMBO washed Robusta
2026-07-14,9-grams-coffee,https://www.coffeeart.me/9-grams-coffee-capsule-nespresso-brazil-10ks/,9,4.8,9 Grams Coffee Capsule Nespresso Brazil 10ks
2026-07-14,9-grams-coffee,https://www.coffeeart.me/9-grams-coffee-barrel-age-coffee--cofa/,1000,30.9,9 Grams Coffee Barrel Age Coffee (COFA)
2026-07-14,9-grams-coffee,https://www.coffeeart.me/9-grams-coffee-barrel-age-coffee--cofa/,250,10.9,9 Grams Coffee Barrel Age Coffee (COFA)
2026-07-14,9-grams-coffee,https://www.coffeeart.me/9-grams-coffee-colombia-excelso/,1000,29.0,9 Grams Coffee Colombia Excelso
2026-07-14,9-grams-coffee,https://www.coffeeart.me/9-grams-coffee-colombia-excelso/,250,9.9,9 Grams Coffee Colombia Excelso
2026-07-14,9-grams-coffee,https://www.coffeeart.me/callebaut-horka-cokolada-2kg/,2000,57.0,Callebaut horká čokoláda 2kg
2026-07-14,9-grams-coffee,https://www.coffeeart.me/9-grams-coffee-ethiopia-shakiso-gr3-natural/,250,9.9,9 Grams Coffee Ethiopia SHAKISO GR3 Natural
2026-07-14,9-grams-coffee,https://www.coffeeart.me/9-grams-coffee-ethiopia-shakiso-gr3-natural/,1000,24.37,9 Grams Coffee Ethiopia SHAKISO GR3 Natural
2026-07-14,9-grams-coffee,https://www.coffeeart.me/zelena-kava-brazil-santos-flor-de-mococa-1kg/,1000,23.0,Zelená káva Brazil Santos Flor de Mococa - 1kg
2026-07-14,9-grams-coffee,https://www.coffeeart.me/9-grams-coffee-ethiopia-yirgacheffe-grade-2-co2-decaf-washed/,1000,34.0,9 Grams Coffee Ethiopia Yirgacheffe Grade 2 CO2 Decaf washed
2026-07-14,9-grams-coffee,https://www.coffeeart.me/9-grams-coffee-ethiopia-yirgacheffe-grade-2-co2-decaf-washed/,1000,48.0,9 Grams Coffee Ethiopia Yirgacheffe Grade 2 CO2 Decaf washed
2026-07-14,9-grams-coffee,https://www.coffeeart.me/9-grams-coffee-ethiopia-yirgacheffe-grade-2-co2-decaf-washed/,250,12.0,9 Grams Coffee Ethiopia Yirgacheffe Grade 2 CO2 Decaf washed
2026-07-14,9-grams-coffee,https://www.coffeeart.me/9-grams-coffee-ethiopia-yirgacheffe-grade-2-co2-decaf-washed/,250,13.0,9 Grams Coffee Ethiopia Yirgacheffe Grade 2 CO2 Decaf washed
2026-07-14,9-grams-coffee,https://www.coffeeart.me/9-grams-coffee-colombia-finca-betulia-honey/,1000,48.0,9 Grams Coffee Colombia Finca Betulia HONEY
2026-07-14,9-grams-coffee,https://www.coffeeart.me/9-grams-coffee-colombia-finca-betulia-honey/,250,14.0,9 Grams Coffee Colombia Finca Betulia HONEY
2026-07-14,9-grams-coffee,https://www.coffeeart.me/9-grams-coffee-dominikanska-republika-barahona-aa-washed/,1000,33.9,9 Grams Coffee Dominikanska Republika Barahona AA washed
2026-07-14,9-grams-coffee,https://www.coffeeart.me/9-grams-coffee-dominikanska-republika-barahona-aa-washed/,250,10.9,9 Grams Coffee Dominikanska Republika Barahona AA washed
2026-07-14,9-grams-coffee,https://www.coffeeart.me/9-grams-coffee-dominikanska-republika-barahona-aa-washed/,1000,43.6,9 Grams Coffee Dominikanska Republika Barahona AA washed
2026-07-14,9-grams-coffee,https://www.coffeeart.me/9-grams-coffee-dominikanska-republika-barahona-aa-washed/,250,10.9,9 Grams Coffee Dominikanska Republika Barahona AA washed
2026-07-14,9-grams-coffee,https://www.coffeeart.me/zelena-kava-ethiopia-yirgacheffe-grade-2-co2-decaf-washed-1kg/,1000,24.0,Zelená káva Ethiopia Yirgacheffe Grade 2 CO2 Decaf washed
2026-07-14,9-grams-coffee,https://www.coffeeart.me/9-grams-coffee-india-cherry-parchment-aa/,250,9.0,9 Grams Coffee India Cherry Parchment AA
2026-07-14,9-grams-coffee,https://www.coffeeart.me/9-grams-coffee-india-cherry-parchment-aa/,1000,36.0,9 Grams Coffee India Cherry Parchment AA
2026-07-14,9-grams-coffee,https://www.coffeeart.me/9-grams-nicaragua-finca-santa-helena-lot-santa-isabel/,1000,32.0,9 Grams Nicaragua Finca Santa Helena Lot Santa Isabel
2026-07-14,9-grams-coffee,https://www.coffeeart.me/9-grams-nicaragua-finca-santa-helena-lot-santa-isabel/,250,9.9,9 Grams Nicaragua Finca Santa Helena Lot Santa Isabel
2026-07-14,9-grams-coffee,https://www.coffeeart.me/costadoro-caffe-extra-1kg/,1000,34.9,Costadoro Caffe Extra 1kg
2026-07-14,9-grams-coffee,https://www.coffeeart.me/9-grams-coffee-grandpa-blend/,250,6.9,9 Grams Coffee GrandPA Blend
2026-07-14,9-grams-coffee,https://www.coffeeart.me/9-grams-coffee-grandpa-blend/,1000,17.65,9 Grams Coffee GrandPA Blend
2026-07-14,9-grams-coffee,https://www.coffeeart.me/9-grams-coffee-brazil-conilon-i-robusta/,1000,19.9,9 Grams Coffee Brazil Conilon I ROBUSTA
2026-07-14,9-grams-coffee,https://www.coffeeart.me/9-grams-coffee-brazil-conilon-i-robusta/,250,8.9,9 Grams Coffee Brazil Conilon I ROBUSTA
2026-07-14,9-grams-coffee,https://www.coffeeart.me/9-grams-coffee-el-salvador-la-majada/,1000,29.9,9 Grams Coffee El Salvador La Majada
2026-07-14,9-grams-coffee,https://www.coffeeart.me/9-grams-coffee-el-salvador-la-majada/,250,9.9,9 Grams Coffee El Salvador La Majada
2026-07-14,9-grams-coffee,https://www.coffeeart.me/9-grams-coffee-colombia-villamaria-natural/,1000,38.0,9 Grams Coffee Colombia Villamaria Natural
2026-07-14,9-grams-coffee,https://www.coffeeart.me/9-grams-coffee-colombia-villamaria-natural/,250,12.0,9 Grams Coffee Colombia Villamaria Natural
2026-07-14,9-grams-coffee,https://www.coffeeart.me/9-grams-coffee-colombia-villamaria-natural/,250,12.0,9 Grams Coffee Colombia Villamaria Natural
2026-07-14,9-grams-coffee,https://www.coffeeart.me/9-grams-coffee-ethiopia-djimmah-gr5-natural/,250,9.9,9 Grams Coffee Ethiopia DJIMMAH GR5 Natural
2026-07-14,9-grams-coffee,https://www.coffeeart.me/9-grams-coffee-ethiopia-djimmah-gr5-natural/,1000,28.0,9 Grams Coffee Ethiopia DJIMMAH GR5 Natural
2026-07-14,9-grams-coffee,https://www.coffeeart.me/zelena-kava--colombia-pink-bourbon-decaf-co2-1kg/,1000,24.0,Zelená káva Colombia Pink Bourbon DECAF CO2-1kg
2026-07-14,9-grams-coffee,https://www.coffeeart.me/9-grams-coffee-honduras-shg-calan-washed/,1000,29.9,9 Grams Coffee Honduras SHG Calan Washed
2026-07-14,9-grams-coffee,https://www.coffeeart.me/9-grams-coffee-honduras-shg-calan-washed/,250,9.9,9 Grams Coffee Honduras SHG Calan Washed
2026-07-14,alternativ-coffee,https://avcoffee.sk/prazena-kava/17231-19852-indonesia-flowertron-zrnkova-kava.html,250,14.0,Indonesia Flowertron zrnková káva
2026-07-14,alternativ-coffee,https://avcoffee.sk/prazena-kava/17231-19852-indonesia-flowertron-zrnkova-kava.html,1000,56.0,Indonesia Flowertron zrnková káva
2026-07-14,alternativ-coffee,https://avcoffee.sk/prazena-kava/17524-19877-uganda-red-pearl-zrnkova-kava.html,250,8.76,Uganda Red Pearl - zrnková káva
2026-07-14,alternativ-coffee,https://avcoffee.sk/prazena-kava/17524-19877-uganda-red-pearl-zrnkova-kava.html,1000,35.04,Uganda Red Pearl - zrnková káva
2026-07-14,alternativ-coffee,https://avcoffee.sk/prazena-kava/17420-19597-kenya-kiambu.html,250,13.88,Kenya Kiambu
2026-07-14,alternativ-coffee,https://avcoffee.sk/prazena-kava/17420-19597-kenya-kiambu.html,1000,55.53,Kenya Kiambu
2026-07-14,alternativ-coffee,https://avcoffee.sk/prazena-kava/17509-19831-tanzania-ngorongoro.html,250,10.6,Tanzania Ngorongoro zrnková káva
2026-07-14,alternativ-coffee,https://avcoffee.sk/prazena-kava/17509-19831-tanzania-ngorongoro.html,1000,42.4,Tanzania Ngorongoro zrnková káva
2026-07-14,alternativ-coffee,https://avcoffee.sk/prazena-kava/17508-19829-costa-rica-los-pinos.html,250,11.5,Costa Rica - Los Pinos
2026-07-14,alternativ-coffee,https://avcoffee.sk/prazena-kava/17508-19829-costa-rica-los-pinos.html,1000,46.0,Costa Rica - Los Pinos
2026-07-14,alternativ-coffee,https://avcoffee.sk/prazena-kava/17473-19768-burundi-turaco.html,250,12.0,Burundi Turaco
2026-07-14,alternativ-coffee,https://avcoffee.sk/prazena-kava/17473-19768-burundi-turaco.html,1000,48.0,Burundi Turaco
2026-07-14,alternativ-coffee,https://avcoffee.sk/prazena-kava/17409-19579-kava-pre-otca.html,250,14.9,Káva pre OTCA
2026-07-14,alternativ-coffee,https://avcoffee.sk/prazena-kava/17497-19802-indonesia-gayo-avarata.html,250,14.0,Indonesia Gayo Avatara zrnková káva
2026-07-14,alternativ-coffee,https://avcoffee.sk/prazena-kava/17497-19802-indonesia-gayo-avarata.html,1000,55.0,Indonesia Gayo Avatara zrnková káva
2026-07-14,alternativ-coffee,https://avcoffee.sk/prazena-kava/17525-19879-ethiopia-sheba-zrnkova-kava.html,250,10.3,Ethiopia Sheba - zrnková káva
2026-07-14,alternativ-coffee,https://avcoffee.sk/prazena-kava/17525-19879-ethiopia-sheba-zrnkova-kava.html,1000,41.2,Ethiopia Sheba - zrnková káva
2026-07-14,alternativ-coffee,https://avcoffee.sk/prazena-kava/17422-19601-mexico-santa-cruz.html,250,12.4,Mexico - Santa Cruz
2026-07-14,alternativ-coffee,https://avcoffee.sk/prazena-kava/17422-19601-mexico-santa-cruz.html,1000,50.08,Mexico - Santa Cruz
2026-07-14,alternativ-coffee,https://avcoffee.sk/prazena-kava/9442-19510-vyberova-kava-papua-new-guinea-lamari.html,250,12.0,Papua New Guinea Lamari
2026-07-14,alternativ-coffee,https://avcoffee.sk/prazena-kava/9442-19510-vyberova-kava-papua-new-guinea-lamari.html,1000,48.0,Papua New Guinea Lamari
2026-07-14,alternativ-coffee,https://avcoffee.sk/prazena-kava/17491-19783-strawberry-kiss-jahodova-kava-.html,250,13.5,Strawberry Kiss - jahodová káva
2026-07-14,alternativ-coffee,https://avcoffee.sk/prazena-kava/17491-19783-strawberry-kiss-jahodova-kava-.html,1000,54.0,Strawberry Kiss - jahodová káva
2026-07-14,alternativ-coffee,https://avcoffee.sk/prazena-kava/17419-19594-ethiopia-yirgacheffe.html,250,15.77,Ethiopia Yirgacheffe
2026-07-14,alternativ-coffee,https://avcoffee.sk/prazena-kava/17419-19594-ethiopia-yirgacheffe.html,1000,62.87,Ethiopia Yirgacheffe
2026-07-14,alternativ-coffee,https://avcoffee.sk/prazena-kava/17426-19612-blend-vanilla-dream.html,250,12.0,Blend Vanilla Dream
2026-07-14,alternativ-coffee,https://avcoffee.sk/prazena-kava/17426-19612-blend-vanilla-dream.html,1000,48.0,Blend Vanilla Dream
2026-07-14,alternativ-coffee,https://avcoffee.sk/prazena-kava/17475-19772-brazil-mirante.html,250,11.0,Brazil Mirante zrnková káva
2026-07-14,alternativ-coffee,https://avcoffee.sk/prazena-kava/17475-19772-brazil-mirante.html,1000,44.0,Brazil Mirante zrnková káva
2026-07-14,alternativ-coffee,https://avcoffee.sk/prazena-kava/17468-19762-bezkofeinova-kava.html,250,14.0,Tumbaga Sugarcane Decaf – bezkofeínová káva so skutočnou chuťou
2026-07-14,alternativ-coffee,https://avcoffee.sk/prazena-kava/17468-19762-bezkofeinova-kava.html,1000,56.0,Tumbaga Sugarcane Decaf – bezkofeínová káva so skutočnou chuťou
2026-07-14,alternativ-coffee,https://avcoffee.sk/prazena-kava/17515-19838-rwanda-honeyfer-zrnkova-kava.html,250,11.5,Rwanda Honeyfer zrnková káva
2026-07-14,alternativ-coffee,https://avcoffee.sk/prazena-kava/17515-19838-rwanda-honeyfer-zrnkova-kava.html,1000,46.0,Rwanda Honeyfer zrnková káva
2026-07-14,black,https://www.black.sk/sk/juicy-pussy,200,13.5,blend • juicy pussy
2026-07-14,black,https://www.black.sk/sk/juicy-pussy,500,55.0,blend • juicy pussy
2026-07-14,blue-mondays-coffee,https://bluemondays.sk/products/brazil-thiago-corsi,250,12.5,Brazil Thiago Corsi
2026-07-14,blue-mondays-coffee,https://bluemondays.sk/products/brazil-thiago-corsi,1000,36.0,Brazil Thiago Corsi
2026-07-14,blue-mondays-coffee,https://bluemondays.sk/products/brazil-fazenda-primavera,250,9.0,Brazil Fazenda Primavera
2026-07-14,blue-mondays-coffee,https://bluemondays.sk/products/brazil-fazenda-primavera,1000,30.0,Brazil Fazenda Primavera
2026-07-14,caffe4u,https://caffe4u.sk/produkt/majsterstyk/,250,10.5,MAJSTERŠTYK
2026-07-14,caffe4u,https://caffe4u.sk/produkt/majsterstyk/,1000,33.0,MAJSTERŠTYK
2026-07-14,caffe4u,https://caffe4u.sk/produkt/obedna-pauzicka/,250,9.5,OBEDNÁ PAUZIČKA
2026-07-14,caffe4u,https://caffe4u.sk/produkt/obedna-pauzicka/,1000,31.0,OBEDNÁ PAUZIČKA
2026-07-14,caffe4u,https://caffe4u.sk/produkt/blendiana-jones/,1000,58.0,Blendiana Jones
2026-07-14,caffe4u,https://caffe4u.sk/produkt/blendiana-jones/,500,32.0,Blendiana Jones
2026-07-14,caffe4u,https://caffe4u.sk/produkt/blendiana-jones/,200,16.5,Blendiana Jones
2026-07-14,caffe4u,https://caffe4u.sk/produkt/vecerna-sova/,250,10.0,VEČERNÁ SOVA
2026-07-14,caffe4u,https://caffe4u.sk/produkt/vecerna-sova/,1000,32.0,VEČERNÁ SOVA
2026-07-14,caffe4u,https://caffe4u.sk/produkt/ranne-vtaca/,250,9.0,RANNÉ VTÁČA
2026-07-14,caffe4u,https://caffe4u.sk/produkt/ranne-vtaca/,1000,30.0,RANNÉ VTÁČA
2026-07-14,caffe4u,https://caffe4u.sk/produkt/kostarika-bach/,200,16.5,Kostarika BACH
2026-07-14,caffe4u,https://caffe4u.sk/produkt/kostarika-bach/,500,32.0,Kostarika BACH
2026-07-14,caffe4u,https://caffe4u.sk/produkt/kostarika-bach/,1000,58.0,Kostarika BACH
2026-07-14,caffe4u,https://caffe4u.sk/produkt/balicek-simply-the-best-3x200g/,200,37.83,Balíček SIMPLY THE BEST 3x200g
2026-07-14,caffe4u,https://caffe4u.sk/produkt/balicek-simply-the-best-3x200g/,200,37.83,Balíček SIMPLY THE BEST 3x200g
2026-07-14,caffe4u,https://caffe4u.sk/produkt/balicek-simply-the-best-3x200g/,200,37.83,Balíček SIMPLY THE BEST 3x200g
2026-07-14,caffe4u,https://caffe4u.sk/produkt/salvador-el-borbollon/,200,12.0,Salvádor El Borbollon
2026-07-14,caffe4u,https://caffe4u.sk/produkt/salvador-el-borbollon/,500,21.0,Salvádor El Borbollon
2026-07-14,caffe4u,https://caffe4u.sk/produkt/salvador-el-borbollon/,1000,37.0,Salvádor El Borbollon
2026-07-14,caffe4u,https://caffe4u.sk/produkt/kuba-turquino-lavado/,200,13.0,Kuba Turquino Lavado
2026-07-14,caffe4u,https://caffe4u.sk/produkt/kuba-turquino-lavado/,500,24.0,Kuba Turquino Lavado
2026-07-14,caffe4u,https://caffe4u.sk/produkt/kuba-turquino-lavado/,1000,40.0,Kuba Turquino Lavado
2026-07-14,caffe4u,https://caffe4u.sk/produkt/balicek-dobrodruh-3-x-200g/,200,32.3,Balíček DOBRODRUH 3 x 200g
2026-07-14,caffe4u,https://caffe4u.sk/produkt/balicek-dobrodruh-3-x-200g/,200,32.3,Balíček DOBRODRUH 3 x 200g
2026-07-14,caffe4u,https://caffe4u.sk/produkt/balicek-dobrodruh-3-x-200g/,200,32.3,Balíček DOBRODRUH 3 x 200g
2026-07-14,caffe4u,https://caffe4u.sk/produkt/decaf-mexiko-sugar-cane-process/,200,13.0,Decaf Mexiko – Sugar Cane Process
2026-07-14,caffe4u,https://caffe4u.sk/produkt/decaf-mexiko-sugar-cane-process/,500,24.0,Decaf Mexiko – Sugar Cane Process
2026-07-14,caffe4u,https://caffe4u.sk/produkt/decaf-mexiko-sugar-cane-process/,1000,40.0,Decaf Mexiko – Sugar Cane Process
2026-07-14,caffe4u,https://caffe4u.sk/produkt/budik/,250,8.0,BUDÍČEK
2026-07-14,caffe4u,https://caffe4u.sk/produkt/budik/,1000,28.0,BUDÍČEK
2026-07-14,coffeein,https://www.coffeein.sk/detail/573/burundi-kibingo-washed-svetle-prazenie-200-g-zrnkova-kava/,200,12.5,"BURUNDI Kibingo WASHED - SVETLÉ praženie (200 g, zrnková káva)"
2026-07-14,coffeein,https://www.coffeein.sk/detail/832/kava-pre-super-ocka-200-g-zrnkova-kava/,200,7.99,"Káva pre super ocka (200 g, zrnková káva)"
2026-07-14,coffeein,https://www.coffeein.sk/detail/244/coffeein-novy-standard-espresso-zmes-200-g-zrnkova-kava/,200,7.89,"COFFEEIN Nový Standard - espresso zmes (200 g, zrnková káva)"
2026-07-14,coffeein,https://www.coffeein.sk/detail/161/el-salvador-santa-ana-200-g-zrnkova-kava/,200,7.99,"El Salvador Santa Ana (200 g, zrnková káva)"
2026-07-14,coffeein,https://www.coffeein.sk/detail/115/coffeein-elite-espresso-zmes-200-g-zrnkova-kava/,200,7.89,"COFFEEIN Elite - espresso zmes (200 g, zrnková káva)"
2026-07-14,coffeein,https://www.coffeein.sk/detail/767/popeachy-kava-svetle-prazenie-200-g-zrnkova-kava/,200,15.0,"POPEACHY káva - SVETLÉ praženie (200 g, zrnková káva)"
2026-07-14,coffeein,https://www.coffeein.sk/detail/879/ethiopia-adorsi-stredne-prazenie-200-g-zrnkova-kava/,200,10.5,"Ethiopia Adorsi - stredné praženie (200 g, zrnková káva)"
2026-07-14,coffeein,https://www.coffeein.sk/detail/829/costa-rica-canet-bach-stredne-prazenie-200-g-zrnkova-kava/,200,15.0,"Costa Rica Canet BACH – stredné praženie (200 g, zrnková káva)"
2026-07-14,coffeein,https://www.coffeein.sk/detail/123/brasil-cerrado-diamond-200-g-zrnkova-kava/,200,7.99,"Brasil Cerrado Diamond (200 g, zrnková káva)"
2026-07-14,coffeein,https://www.coffeein.sk/detail/456/coffeein-italy-espresso-zmes-200-g-zrnkova-kava/,200,7.89,"COFFEEIN Italy - espresso zmes (200 g, zrnková káva)"
2026-07-14,coffeein,https://www.coffeein.sk/detail/768/popeachy-kava-stredne-prazenie-200-g-zrnkova-kava/,200,15.0,"POPEACHY káva - stredné praženie (200 g, zrnková káva)"
2026-07-14,coffeein,https://www.coffeein.sk/detail/36/mexico-chiapas-200-g-zrnkova-kava/,200,7.99,"Mexico Chiapas (200 g, zrnková káva)"
2026-07-14,coffeein,https://www.coffeein.sk/detail/1066/uganda-mubuku-svetle-prazenie-200-g-zrnkova-kava/,200,12.5,"UGANDA Mubuku - SVETLÉ praženie (200 g, zrnková káva)"
2026-07-14,coffeein,https://www.coffeein.sk/detail/640/burundi-kibingo-natural-stredne-prazenie-200-g-zrnkova-kava/,200,12.5,"BURUNDI Kibingo NATURAL - stredné praženie (200 g, zrnková káva)"
2026-07-14,concept-coffee-roasters,https://www.conceptcoffee.sk/banana-swirl-colombia/,250,18.5,Banana swirl – Colombia
2026-07-14,concept-coffee-roasters,https://www.conceptcoffee.sk/banana-swirl-colombia/,1000,66.0,Banana swirl – Colombia
2026-07-14,concept-coffee-roasters,https://www.conceptcoffee.sk/cold-shock-colombia/,250,16.0,Cold Shock – Colombia
2026-07-14,concept-coffee-roasters,https://www.conceptcoffee.sk/cold-shock-colombia/,1000,60.0,Cold Shock – Colombia
2026-07-14,concept-coffee-roasters,https://www.conceptcoffee.sk/gedicho-ethiopia/,250,14.0,Gedicho – Ethiopia
2026-07-14,concept-coffee-roasters,https://www.conceptcoffee.sk/gedicho-ethiopia/,1000,53.0,Gedicho – Ethiopia
2026-07-14,concept-coffee-roasters,https://www.conceptcoffee.sk/nemba-burundi/,250,15.0,Nemba – Burundi
2026-07-14,concept-coffee-roasters,https://www.conceptcoffee.sk/nemba-burundi/,1000,54.0,Nemba – Burundi
2026-07-14,concept-coffee-roasters,https://www.conceptcoffee.sk/berry-blast-colombia/,250,18.5,Berry Blast – Colombia
2026-07-14,concept-coffee-roasters,https://www.conceptcoffee.sk/berry-blast-colombia/,1000,66.0,Berry Blast – Colombia
2026-07-14,concept-coffee-roasters,https://www.conceptcoffee.sk/rocket-flower-colombia/,250,15.0,Rocket Flower - Colombia
2026-07-14,concept-coffee-roasters,https://www.conceptcoffee.sk/rocket-flower-colombia/,1000,54.0,Rocket Flower - Colombia
2026-07-14,concept-coffee-roasters,https://www.conceptcoffee.sk/weithaga-aa---kenya/,250,15.0,Weithaga AA – Kenya
2026-07-14,concept-coffee-roasters,https://www.conceptcoffee.sk/weithaga-aa---kenya/,1000,54.0,Weithaga AA – Kenya
2026-07-14,concept-coffee-roasters,https://www.conceptcoffee.sk/strawberry-icecream-colombia/,250,18.0,Strawberry Icecream – Colombia
2026-07-14,concept-coffee-roasters,https://www.conceptcoffee.sk/strawberry-icecream-colombia/,1000,62.0,Strawberry Icecream – Colombia
2026-07-14,concept-coffee-roasters,https://www.conceptcoffee.sk/kerinci-indonesia/,250,14.0,Kerinci - Indonesia
2026-07-14,concept-coffee-roasters,https://www.conceptcoffee.sk/kerinci-indonesia/,1000,51.0,Kerinci - Indonesia
2026-07-14,concept-coffee-roasters,https://www.conceptcoffee.sk/java-cloud-colombia/,250,22.0,Java Cloud – Colombia
2026-07-14,concept-coffee-roasters,https://www.conceptcoffee.sk/java-cloud-colombia/,1000,80.0,Java Cloud – Colombia
2026-07-14,concept-coffee-roasters,https://www.conceptcoffee.sk/ngoma-rwanda/,250,15.0,Ngoma – Rwanda
2026-07-14,concept-coffee-roasters,https://www.conceptcoffee.sk/ngoma-rwanda/,1000,55.0,Ngoma – Rwanda
2026-07-14,diamonds-roastery,https://diroastery.sk/produkt/kongo-kisunga-zrnkova-kava/,250,15.0,Kongo Kisunga – zrnková káva
2026-07-14,diamonds-roastery,https://diroastery.sk/produkt/kongo-kisunga-zrnkova-kava/,500,28.0,Kongo Kisunga – zrnková káva
2026-07-14,diamonds-roastery,https://diroastery.sk/produkt/kongo-kisunga-zrnkova-kava/,1000,56.0,Kongo Kisunga – zrnková káva
2026-07-14,diamonds-roastery,https://diroastery.sk/produkt/brazilia-fazenda-pereira-zrnkova-kava/,1000,38.0,Brazília Fazenda Pereira – zrnková káva
2026-07-14,diamonds-roastery,https://diroastery.sk/produkt/brazilia-fazenda-pereira-zrnkova-kava/,250,10.0,Brazília Fazenda Pereira – zrnková káva
2026-07-14,diamonds-roastery,https://diroastery.sk/produkt/brazilia-fazenda-pereira-zrnkova-kava/,500,20.0,Brazília Fazenda Pereira – zrnková káva
2026-07-14,diamonds-roastery,https://diroastery.sk/produkt/kolumbia-yenifer-rojas-trujillo/,1000,60.0,Kolumbia Yenifer Rojas Trujillo – zrnková káva
2026-07-14,diamonds-roastery,https://diroastery.sk/produkt/kolumbia-yenifer-rojas-trujillo/,250,16.0,Kolumbia Yenifer Rojas Trujillo – zrnková káva
2026-07-14,diamonds-roastery,https://diroastery.sk/produkt/kolumbia-yenifer-rojas-trujillo/,500,30.0,Kolumbia Yenifer Rojas Trujillo – zrnková káva
2026-07-14,diamonds-roastery,https://diroastery.sk/produkt/uganda-nyabirongo-natural/,1000,56.0,Uganda Nyabirongo Natural
2026-07-14,diamonds-roastery,https://diroastery.sk/produkt/uganda-nyabirongo-natural/,250,15.0,Uganda Nyabirongo Natural
2026-07-14,diamonds-roastery,https://diroastery.sk/produkt/uganda-nyabirongo-natural/,500,28.0,Uganda Nyabirongo Natural
2026-07-14,diamonds-roastery,https://diroastery.sk/produkt/kolumbia-penas-blancas-zrnkova-kava/,1000,76.0,Kolumbia Peñas Blancas – zrnková káva
2026-07-14,diamonds-roastery,https://diroastery.sk/produkt/kolumbia-penas-blancas-zrnkova-kava/,250,20.0,Kolumbia Peñas Blancas – zrnková káva
2026-07-14,diamonds-roastery,https://diroastery.sk/produkt/kolumbia-penas-blancas-zrnkova-kava/,500,38.0,Kolumbia Peñas Blancas – zrnková káva
2026-07-14,diamonds-roastery,https://diroastery.sk/produkt/guatemala-el-mirador/,1000,52.0,Guatemala El Mirador – zrnková káva
2026-07-14,diamonds-roastery,https://diroastery.sk/produkt/guatemala-el-mirador/,250,14.0,Guatemala El Mirador – zrnková káva
2026-07-14,diamonds-roastery,https://diroastery.sk/produkt/guatemala-el-mirador/,500,26.0,Guatemala El Mirador – zrnková káva
2026-07-14,dobra-kava,https://www.dobrakava.eu/prazena/burundi-kibingo-washed,300,13.2,Burundi Kibingo washed
2026-07-14,dobra-kava,https://www.dobrakava.eu/prazena/burundi-kibingo-washed,1000,41.8,Burundi Kibingo washed
2026-07-14,dobra-kava,https://www.dobrakava.eu/prazena/uganda-mubuku-honey,300,11.7,Uganda Mubuku honey
2026-07-14,dobra-kava,https://www.dobrakava.eu/prazena/uganda-mubuku-honey,1000,37.05,Uganda Mubuku honey
2026-07-14,dobra-kava,https://www.dobrakava.eu/prazena/ethiopia,300,11.7,Ethiopia
2026-07-14,dobra-kava,https://www.dobrakava.eu/prazena/ethiopia,1000,37.05,Ethiopia
2026-07-14,doraz,https://doraz.sk/obchod/india-plantation-a/,250,9.9,INDIA PLANTATION A
2026-07-14,doraz,https://doraz.sk/obchod/india-plantation-a/,500,17.9,INDIA PLANTATION A
2026-07-14,doraz,https://doraz.sk/obchod/india-plantation-a/,1000,32.9,INDIA PLANTATION A
2026-07-14,doraz,https://doraz.sk/obchod/kenya-aa-top-mount-kenya-great-taste-awards/,250,12.0,KENYA AA TOP MOUNT KENYA - GREAT TASTE AWARDS 2023
2026-07-14,doraz,https://doraz.sk/obchod/kenya-aa-top-mount-kenya-great-taste-awards/,500,21.9,KENYA AA TOP MOUNT KENYA - GREAT TASTE AWARDS 2023
2026-07-14,doraz,https://doraz.sk/obchod/kenya-aa-top-mount-kenya-great-taste-awards/,1000,40.6,KENYA AA TOP MOUNT KENYA - GREAT TASTE AWARDS 2023
2026-07-14,doraz,https://doraz.sk/obchod/cascara-costa-rica-hacienda-sonora/,80,4.2,CASCARA COSTA-RICA HACIENDA SONORA
2026-07-14,doraz,https://doraz.sk/obchod/regional-espresso/,250,9.3,REGIONAL ESPRESSO
2026-07-14,doraz,https://doraz.sk/obchod/regional-espresso/,500,16.8,REGIONAL ESPRESSO
2026-07-14,doraz,https://doraz.sk/obchod/regional-espresso/,1000,30.8,REGIONAL ESPRESSO
2026-07-14,epera-coffee,https://www.praziarenepera.sk/produkt/guatemala-bezkofeinova/,250,10.2,Káva GUATEMALA – bezkofeínová
2026-07-14,epera-coffee,https://www.praziarenepera.sk/produkt/guatemala-bezkofeinova/,1000,32.9,Káva GUATEMALA – bezkofeínová
2026-07-14,epera-coffee,https://www.praziarenepera.sk/produkt/kava-kolumbia-bezkofeinova/,250,10.2,Káva KOLUMBIA – bezkofeínová
2026-07-14,epera-coffee,https://www.praziarenepera.sk/produkt/kava-kolumbia-bezkofeinova/,1000,32.9,Káva KOLUMBIA – bezkofeínová
2026-07-14,epera-coffee,https://www.praziarenepera.sk/produkt/kava-kolumbia-bezkofeinova/,500,21.5,Káva KOLUMBIA – bezkofeínová
2026-07-14,epera-coffee,https://www.praziarenepera.sk/produkt/kava-latino-blend/,250,8.9,Káva LATINO BLEND
2026-07-14,epera-coffee,https://www.praziarenepera.sk/produkt/kava-latino-blend/,500,14.5,Káva LATINO BLEND
2026-07-14,epera-coffee,https://www.praziarenepera.sk/produkt/kava-latino-blend/,1000,28.5,Káva LATINO BLEND
2026-07-14,epera-coffee,https://www.praziarenepera.sk/produkt/kava-honduras-san-andres/,250,9.7,Káva Honduras
2026-07-14,epera-coffee,https://www.praziarenepera.sk/produkt/kava-honduras-san-andres/,500,16.5,Káva Honduras
2026-07-14,epera-coffee,https://www.praziarenepera.sk/produkt/kava-honduras-san-andres/,1000,31.9,Káva Honduras
2026-07-14,epera-coffee,https://www.praziarenepera.sk/produkt/kava-kena/,250,8.9,Káva KEŇA
2026-07-14,epera-coffee,https://www.praziarenepera.sk/produkt/kava-kena/,500,12.9,Káva KEŇA
2026-07-14,epera-coffee,https://www.praziarenepera.sk/produkt/kava-kena/,1000,28.9,Káva KEŇA
2026-07-14,epera-coffee,https://www.praziarenepera.sk/produkt/brazilia/,250,8.9,Káva BRAZÍLIA
2026-07-14,epera-coffee,https://www.praziarenepera.sk/produkt/brazilia/,500,18.5,Káva BRAZÍLIA
2026-07-14,epera-coffee,https://www.praziarenepera.sk/produkt/brazilia/,1000,28.5,Káva BRAZÍLIA
2026-07-14,epera-coffee,https://www.praziarenepera.sk/produkt/kolumbia/,250,9.5,Káva KOLUMBIA
2026-07-14,epera-coffee,https://www.praziarenepera.sk/produkt/kolumbia/,500,17.5,Káva KOLUMBIA
2026-07-14,epera-coffee,https://www.praziarenepera.sk/produkt/kolumbia/,1000,29.9,Káva KOLUMBIA
2026-07-14,epera-coffee,https://www.praziarenepera.sk/produkt/epera-blend/,250,8.9,EPERA BLEND
2026-07-14,epera-coffee,https://www.praziarenepera.sk/produkt/epera-blend/,500,15.5,EPERA BLEND
2026-07-14,epera-coffee,https://www.praziarenepera.sk/produkt/epera-blend/,1000,28.5,EPERA BLEND
2026-07-14,epera-coffee,https://www.praziarenepera.sk/produkt/mexiko-esmeralda/,250,8.9,Káva MEXIKO ESMERALDA
2026-07-14,epera-coffee,https://www.praziarenepera.sk/produkt/mexiko-esmeralda/,500,15.9,Káva MEXIKO ESMERALDA
2026-07-14,epera-coffee,https://www.praziarenepera.sk/produkt/mexiko-esmeralda/,1000,28.9,Káva MEXIKO ESMERALDA
2026-07-14,epera-coffee,https://www.praziarenepera.sk/produkt/kava-kolumbia-la-claudina/,250,12.2,Káva KOLUMBIA la CLAUDINA
2026-07-14,epera-coffee,https://www.praziarenepera.sk/produkt/kava-kolumbia-la-claudina/,500,22.5,Káva KOLUMBIA la CLAUDINA
2026-07-14,epera-coffee,https://www.praziarenepera.sk/produkt/kava-kolumbia-la-claudina/,1000,38.9,Káva KOLUMBIA la CLAUDINA
2026-07-14,epera-coffee,https://www.praziarenepera.sk/produkt/india/,250,8.7,Káva INDIA
2026-07-14,epera-coffee,https://www.praziarenepera.sk/produkt/india/,500,15.9,Káva INDIA
2026-07-14,epera-coffee,https://www.praziarenepera.sk/produkt/india/,1000,27.9,Káva INDIA
2026-07-14,epera-coffee,https://www.praziarenepera.sk/produkt/kava-brazilia-chocolate/,250,9.7,Káva BRAZÍLIA CHOCOLATE
2026-07-14,epera-coffee,https://www.praziarenepera.sk/produkt/kava-brazilia-chocolate/,500,15.9,Káva BRAZÍLIA CHOCOLATE
2026-07-14,epera-coffee,https://www.praziarenepera.sk/produkt/kava-brazilia-chocolate/,1000,31.9,Káva BRAZÍLIA CHOCOLATE
2026-07-14,epera-coffee,https://www.praziarenepera.sk/produkt/peru/,250,8.9,Káva PERU
2026-07-14,epera-coffee,https://www.praziarenepera.sk/produkt/peru/,500,15.9,Káva PERU
2026-07-14,epera-coffee,https://www.praziarenepera.sk/produkt/peru/,1000,28.9,Káva PERU
2026-07-14,epera-coffee,https://www.praziarenepera.sk/produkt/bar-blend/,250,8.5,Káva BAR BLEND
2026-07-14,epera-coffee,https://www.praziarenepera.sk/produkt/bar-blend/,500,13.5,Káva BAR BLEND
2026-07-14,epera-coffee,https://www.praziarenepera.sk/produkt/bar-blend/,1000,26.9,Káva BAR BLEND
2026-07-14,epera-coffee,https://www.praziarenepera.sk/produkt/etiopia/,250,8.9,Káva ETIÓPIA
2026-07-14,epera-coffee,https://www.praziarenepera.sk/produkt/etiopia/,500,14.9,Káva ETIÓPIA
2026-07-14,epera-coffee,https://www.praziarenepera.sk/produkt/etiopia/,1000,28.9,Káva ETIÓPIA
2026-07-14,epera-coffee,https://www.praziarenepera.sk/produkt/ranny-blend/,250,8.5,Káva RANNÝ BLEND
2026-07-14,epera-coffee,https://www.praziarenepera.sk/produkt/ranny-blend/,500,12.9,Káva RANNÝ BLEND
2026-07-14,epera-coffee,https://www.praziarenepera.sk/produkt/ranny-blend/,1000,26.9,Káva RANNÝ BLEND
2026-07-14,epera-coffee,https://www.praziarenepera.sk/produkt/summer-blend/,250,8.9,Káva SUMMER BLEND
2026-07-14,epera-coffee,https://www.praziarenepera.sk/produkt/summer-blend/,500,15.9,Káva SUMMER BLEND
2026-07-14,epera-coffee,https://www.praziarenepera.sk/produkt/summer-blend/,1000,28.9,Káva SUMMER BLEND
2026-07-14,epera-coffee,https://www.praziarenepera.sk/produkt/kava-etiopia-west-arsi-werka-nensebo/,250,12.2,Káva Etiópia West Arsi Werka Nensebo
2026-07-14,epera-coffee,https://www.praziarenepera.sk/produkt/kava-etiopia-west-arsi-werka-nensebo/,1000,38.9,Káva Etiópia West Arsi Werka Nensebo
2026-07-14,epera-coffee,https://www.praziarenepera.sk/produkt/kava-etiopia-west-arsi-werka-nensebo/,500,25.3,Káva Etiópia West Arsi Werka Nensebo
2026-07-14,epera-coffee,https://www.praziarenepera.sk/produkt/guatemala/,250,8.9,Káva GUATEMALA
2026-07-14,epera-coffee,https://www.praziarenepera.sk/produkt/guatemala/,500,15.9,Káva GUATEMALA
2026-07-14,epera-coffee,https://www.praziarenepera.sk/produkt/guatemala/,1000,28.9,Káva GUATEMALA
2026-07-14,epera-coffee,https://www.praziarenepera.sk/produkt/salvador-shg/,250,8.9,Káva SALVÁDOR SHG
2026-07-14,epera-coffee,https://www.praziarenepera.sk/produkt/salvador-shg/,500,17.5,Káva SALVÁDOR SHG
2026-07-14,epera-coffee,https://www.praziarenepera.sk/produkt/salvador-shg/,1000,28.9,Káva SALVÁDOR SHG
2026-07-14,epera-coffee,https://www.praziarenepera.sk/produkt/vietnam-100-robusta/,250,7.9,Káva VIETNAM – 100% robusta
2026-07-14,epera-coffee,https://www.praziarenepera.sk/produkt/vietnam-100-robusta/,500,12.9,Káva VIETNAM – 100% robusta
2026-07-14,epera-coffee,https://www.praziarenepera.sk/produkt/vietnam-100-robusta/,1000,24.9,Káva VIETNAM – 100% robusta
2026-07-14,epera-coffee,https://www.praziarenepera.sk/produkt/kava-dominikanska-republika/,250,9.7,Káva DOMINIKÁNSKA REPUBLIKA
2026-07-14,epera-coffee,https://www.praziarenepera.sk/produkt/kava-dominikanska-republika/,500,15.9,Káva DOMINIKÁNSKA REPUBLIKA
2026-07-14,epera-coffee,https://www.praziarenepera.sk/produkt/kava-dominikanska-republika/,1000,31.9,Káva DOMINIKÁNSKA REPUBLIKA
2026-07-14,good-times-coffee-roasters,https://goodtimes.coffee/produkt/daily-espresso-seasonal-blend/,200,8.5,Daily Espresso Seasonal Blend
2026-07-14,good-times-coffee-roasters,https://goodtimes.coffee/produkt/daily-espresso-seasonal-blend/,1000,32.0,Daily Espresso Seasonal Blend
2026-07-14,goriffee,https://www.goriffee.com/shop/kava/vyberova-kava-na-espresso/colombia-popayan-reserve-washed/,250,11.0,Colombia Popayan Reserve Washed
2026-07-14,goriffee,https://www.goriffee.com/shop/kava/vyberova-kava-na-espresso/colombia-popayan-reserve-washed/,1000,42.0,Colombia Popayan Reserve Washed
2026-07-14,goriffee,https://www.goriffee.com/shop/kava/brazil-rodomunho-natural/,250,15.0,Brazil Rodomunho Natural
2026-07-14,goriffee,https://www.goriffee.com/shop/kava/brazil-rodomunho-natural/,1000,58.0,Brazil Rodomunho Natural
2026-07-14,goriffee,https://www.goriffee.com/shop/kava/vyberova-kava-na-espresso/highlander-espresso-blend/,250,11.0,Highlander espresso blend
2026-07-14,goriffee,https://www.goriffee.com/shop/kava/vyberova-kava-na-espresso/highlander-espresso-blend/,1000,42.0,Highlander espresso blend
2026-07-14,goriffee,https://www.goriffee.com/shop/kava/vyberova-kava-na-espresso/brazil-caramelo-natural/,250,11.0,Brazil Caramelo natural
2026-07-14,goriffee,https://www.goriffee.com/shop/kava/vyberova-kava-na-espresso/brazil-caramelo-natural/,1000,42.0,Brazil Caramelo natural
2026-07-14,goriffee,https://www.goriffee.com/shop/kava/bezkofeinova-kava/colombia-tumbaga-decaf-na-espresso/,250,13.0,Colombia Tumbaga decaf na espresso
2026-07-14,goriffee,https://www.goriffee.com/shop/kava/bezkofeinova-kava/colombia-tumbaga-decaf-na-espresso/,1000,50.0,Colombia Tumbaga decaf na espresso
2026-07-14,goriffee,https://www.goriffee.com/shop/kava/kenya-kagumo-aa-washed/,250,16.0,Kenya Kagumo AA Washed
2026-07-14,goriffee,https://www.goriffee.com/shop/kava/kenya-kagumo-aa-washed/,1000,62.0,Kenya Kagumo AA Washed
2026-07-14,goriffee,https://www.goriffee.com/shop/kava/brazil-morada-da-prata-natural/,250,14.0,Brazil Morada da Prata Natural
2026-07-14,goriffee,https://www.goriffee.com/shop/kava/brazil-morada-da-prata-natural/,1000,54.0,Brazil Morada da Prata Natural
2026-07-14,goriffee,https://www.goriffee.com/shop/kava/vyberova-kava-na-espresso/milkyway-espresso-blend/,250,11.0,Milkyway espresso blend
2026-07-14,goriffee,https://www.goriffee.com/shop/kava/vyberova-kava-na-espresso/milkyway-espresso-blend/,1000,42.0,Milkyway espresso blend
2026-07-14,goriffee,https://www.goriffee.com/shop/kava/colombia-el-rosal-natural/,250,17.0,Colombia El Rosal Natural
2026-07-14,goriffee,https://www.goriffee.com/shop/kava/colombia-el-rosal-natural/,1000,66.0,Colombia El Rosal Natural
2026-07-14,goriffee,https://www.goriffee.com/shop/kava/bezkofeinova-kava/colombia-tumbaga-decaf-na-filter/,250,13.0,Colombia Tumbaga decaf na filter
2026-07-14,goriffee,https://www.goriffee.com/shop/kava/bezkofeinova-kava/colombia-tumbaga-decaf-na-filter/,1000,50.0,Colombia Tumbaga decaf na filter
2026-07-14,green-plantation,https://www.gpkava.sk/p/etiopia-guji-mancity-filter,250,14.1,Etiópia Guji Mancity | Filter
2026-07-14,green-plantation,https://www.gpkava.sk/p/etiopia-guji-mancity-filter,250,14.1,Etiópia Guji Mancity | Filter
2026-07-14,green-plantation,https://www.gpkava.sk/p/zmes-espressa-80-20,250,11.4,Espresso zmes 80/20
2026-07-14,green-plantation,https://www.gpkava.sk/p/zmes-espressa-80-20,500,11.8,Espresso zmes 80/20
2026-07-14,green-plantation,https://www.gpkava.sk/p/zmes-espressa-80-20,1000,22.3,Espresso zmes 80/20
2026-07-14,green-plantation,https://www.gpkava.sk/p/peru-finca-churupampa-espresso,250,13.6,Perú Finca Churupampa | Espresso
2026-07-14,green-plantation,https://www.gpkava.sk/p/simon-levelt-bio-gayo-blue-mountain-zrnkova-kava-1-kg-bio,1000,39.4,Simon Lévelt BIO GAYO BLUE MOUNTAIN zrnková káva 1 kg - bio
2026-07-14,green-plantation,https://www.gpkava.sk/p/att-cafe-nessun-dorma-zrnkova-kava-1kg-smes-8-druhu-zrn,1000,32.3,ATT Café NESSUN DORMA zrnková káva 1kg - zmes 8 druhov zŕn
2026-07-14,green-plantation,https://www.gpkava.sk/p/tupinamba-rotondo-zrnkova-kava-1kg-30-arabica-70-robusta,1000,24.8,Tupinamba ROTONDO zrnková káva 1kg - 30% Arabica 70% Robusta
2026-07-14,green-plantation,https://www.gpkava.sk/p/panama-finca-la-cabra-washed-filter,100,25.5,Gesha Panama Finca La Cabra Washed C58 100g | Filter
2026-07-14,green-plantation,https://www.gpkava.sk/p/etiopia-keramo-filter,250,18.2,Etiópia Keramo | Filter
2026-07-14,green-plantation,https://www.gpkava.sk/p/brazilia-diamond-cooxupe-noir-espresso,250,12.3,Brazília Diamond Cooxupé NOIR | Espresso
2026-07-14,green-plantation,https://www.gpkava.sk/p/ekvador-cruz-loma-espresso,250,18.2,Ekvádor Cruz Loma | Espresso
2026-07-14,green-plantation,https://www.gpkava.sk/p/guatemala-finca-el-tambor-espresso,250,12.3,Guatemala - Finca El Tambor | Espresso
2026-07-14,green-plantation,https://www.gpkava.sk/p/zmes-espressa-90-10,250,11.8,Espresso zmes 90/10
2026-07-14,green-plantation,https://www.gpkava.sk/p/kolumbia-exotico-espresso,250,13.2,Kolumbia Exotico | Espresso
2026-07-14,green-plantation,https://www.gpkava.sk/p/organicke-kolumbijske-kavy-asoprocafees-espresso,250,13.6,BIO Kolumbia Asoprocafees | Espresso
2026-07-14,green-plantation,https://www.gpkava.sk/p/tupinamba-natural-milenium-zrnkova-kava-3-5-kg-100-arabica,3500,111.8,"Tupinamba Natural Milenium zrnková káva 3,5 kg - 100% Arabica"
2026-07-14,green-plantation,https://www.gpkava.sk/p/burundi-yandaro-filter,250,12.6,Burundi Yandaro | Filter
2026-07-14,green-plantation,https://www.gpkava.sk/p/kolumbia-anserma-noir-espresso,250,10.0,Kolumbia Anserma NOIR | Espresso
2026-07-14,green-plantation,https://www.gpkava.sk/p/kolumbia-anserma-noir-espresso,1000,36.7,Kolumbia Anserma NOIR | Espresso
2026-07-14,green-plantation,https://www.gpkava.sk/p/casa-del-caffe-fuego-zrnkova-kava-1kg-55-arabica-45-robusta,1000,27.3,"Casa del Caffe FUEGO zrnková káva 1kg - 55% arabica, 45% robusta"
2026-07-14,green-plantation,https://www.gpkava.sk/p/brazilia-diamond-cooxupe,250,12.3,Brazília Diamond Cooxupé | Espresso
2026-07-14,green-plantation,https://www.gpkava.sk/p/brazilia-diamond-cooxupe,1000,43.0,Brazília Diamond Cooxupé | Espresso
2026-07-14,green-plantation,https://www.gpkava.sk/p/etiopia-guji-mancity-espresso,250,14.1,Etiópia Guji Mancity | Espresso
2026-07-14,green-plantation,https://www.gpkava.sk/p/panama-finca-la-cabra-natural-filter,100,25.1,Gesha Panama Finca La Cabra Natural C49 100g | Filter
2026-07-14,green-plantation,https://www.gpkava.sk/p/guatemala-finca-el-hato-kava-bez-kofeinu-co2-espresso,250,15.0,Guatemala - Finca El Hato káva bez kofeínu CO₂ | Espresso
2026-07-14,green-plantation,https://www.gpkava.sk/p/kolumbia-luis-anibal-filter-1,250,19.2,Kolumbia Luis Anibal | Filter
2026-07-14,green-plantation,https://www.gpkava.sk/p/kolumbia-los-patios-filter,250,20.5,Kolumbia Los Patios | Filter
2026-07-14,green-plantation,https://www.gpkava.sk/p/kolumbia-bright-yellow-filter,250,20.5,Kolumbia Bright Yellow | Filter
2026-07-14,green-plantation,https://www.gpkava.sk/p/tupinamba-supremo-zrnkova-kava-1000g-70-arabica-30-robusta,1000,28.2,Tupinamba SUPREMO zrnková káva 1000g - 70% Arabica 30% Robusta
2026-07-14,green-plantation,https://www.gpkava.sk/p/indonezia-barokah-kerinci-espresso,250,18.2,Indonézia Barokah Kerinci Espresso
2026-07-14,incuple,https://incuple.sk/produkt/brazil-cerrado-mineiro/,250,9.5,Brazil Cerrado Mineiro
2026-07-14,incuple,https://incuple.sk/produkt/brazil-cerrado-mineiro/,1000,33.0,Brazil Cerrado Mineiro
2026-07-14,incuple,https://incuple.sk/produkt/cajik-detsky-caj/,50,5.9,Čajík - detský čaj
2026-07-14,incuple,https://incuple.sk/produkt/colombia-sugarcane-decaf/,250,9.9,Colombia Sugarcane Decaf
2026-07-14,incuple,https://incuple.sk/produkt/colombia-sugarcane-decaf/,1000,35.0,Colombia Sugarcane Decaf
2026-07-14,incuple,https://incuple.sk/produkt/house-blend/,500,16.9,House Blend - 100% Arabica
2026-07-14,incuple,https://incuple.sk/produkt/house-blend/,1000,32.0,House Blend - 100% Arabica
2026-07-14,incuple,https://incuple.sk/produkt/costa-rica/,1000,35.0,Costa Rica
2026-07-14,incuple,https://incuple.sk/produkt/costa-rica/,250,9.9,Costa Rica
2026-07-14,incuple,https://incuple.sk/produkt/go-blend/,500,16.9,GO! Blend
2026-07-14,incuple,https://incuple.sk/produkt/go-blend/,1000,32.0,GO! Blend
2026-07-14,incuple,https://incuple.sk/produkt/colombia-excelso-magdalena/,250,9.5,Colombia Excelso Magdalena
2026-07-14,incuple,https://incuple.sk/produkt/colombia-excelso-magdalena/,1000,33.0,Colombia Excelso Magdalena
2026-07-14,incuple,https://incuple.sk/produkt/peru-san-martin/,250,8.5,Peru San Martin
2026-07-14,incuple,https://incuple.sk/produkt/peru-san-martin/,1000,30.0,Peru San Martin
2026-07-14,incuple,https://incuple.sk/produkt/street-blend-80-arabica-20-robusta/,500,15.9,Street Blend
2026-07-14,incuple,https://incuple.sk/produkt/street-blend-80-arabica-20-robusta/,1000,31.0,Street Blend
2026-07-14,incuple,https://incuple.sk/produkt/power-blend/,500,16.9,Power Blend - 50% Arabica 50% Robusta
2026-07-14,incuple,https://incuple.sk/produkt/india-plantation-bababudangiri/,250,9.5,India Plantation A Bababudangiri
2026-07-14,incuple,https://incuple.sk/produkt/india-plantation-bababudangiri/,1000,33.0,India Plantation A Bababudangiri
2026-07-14,incuple,https://incuple.sk/produkt/ethiopia-bensa/,250,9.9,Ethiopia Sidamo Bensa
2026-07-14,incuple,https://incuple.sk/produkt/ethiopia-bensa/,1000,35.0,Ethiopia Sidamo Bensa
2026-07-14,jungle-roastery,https://www.jungleroastery.sk/rwanda/,1000,44.0,RWANDA - Kigali
2026-07-14,jungle-roastery,https://www.jungleroastery.sk/rwanda/,250,12.5,RWANDA - Kigali
2026-07-14,jungle-roastery,https://www.jungleroastery.sk/honduras/,1000,46.0,HONDURAS - Café Organico
2026-07-14,jungle-roastery,https://www.jungleroastery.sk/honduras/,250,13.0,HONDURAS - Café Organico
2026-07-14,jungle-roastery,https://www.jungleroastery.sk/colombia-supremo/,1000,36.0,COLOMBIA Supremo
2026-07-14,jungle-roastery,https://www.jungleroastery.sk/colombia-supremo/,250,10.5,COLOMBIA Supremo
2026-07-14,kaan-roastery,https://kaan.sk/produkt/brazilia-cerrado-fine/,250,10.9,Brazília Cerrado Fine
2026-07-14,kaan-roastery,https://kaan.sk/produkt/brazilia-cerrado-fine/,500,18.9,Brazília Cerrado Fine
2026-07-14,kaan-roastery,https://kaan.sk/produkt/brazilia-cerrado-fine/,1000,35.9,Brazília Cerrado Fine
2026-07-14,kaan-roastery,https://kaan.sk/produkt/energy-booster/,250,9.9,Energy Booster
2026-07-14,kaan-roastery,https://kaan.sk/produkt/brazilia-diamond/,250,11.5,Brazília Diamond
2026-07-14,kaan-roastery,https://kaan.sk/produkt/banana-split/,200,17.0,Banana Split
2026-07-14,kaan-roastery,https://kaan.sk/produkt/colombia-supremo/,250,10.5,Colombia Supremo
2026-07-14,kaan-roastery,https://kaan.sk/produkt/feeling-good/,250,11.5,Feeling good
2026-07-14,kaan-roastery,https://kaan.sk/produkt/jelly-berry/,250,10.8,Jelly Berry
2026-07-14,kaan-roastery,https://kaan.sk/produkt/india-kaapi-royal/,250,9.0,India Kaapi Royal
2026-07-14,kaan-roastery,https://kaan.sk/produkt/wake-me-up/,250,10.9,Wake me up
2026-07-14,kaffa-roastery,https://kaffaroastery.sk/produkt/stellar-origin/,150,21.42,GEISHA NINETY PLUS STELLAR ORIGIN 150g
2026-07-14,kaffa-roastery,https://kaffaroastery.sk/produkt/colombia-juicy-maracuja/,200,16.42,Colombia Juicy Maracuja
2026-07-14,kaffa-roastery,https://kaffaroastery.sk/produkt/colombia-melone-candy/,200,16.42,Colombia Melone Candy
2026-07-14,kaffa-roastery,https://kaffaroastery.sk/produkt/costa-rica-hacienda-sonora/,250,13.69,Costa Rica Hacienda Sonora
2026-07-14,karma-coffee,https://www.karmacoffee.sk/obchod/blackespresso1-brazilia/,250,12.0,BLACK ESPRESSO
2026-07-14,karma-coffee,https://www.karmacoffee.sk/obchod/funky-filter-kolumbia/,250,14.0,FUNKY FILTER
2026-07-14,praziaren-rydze,https://praziarenrydze.sk/espresso/500-srdcova-zalezitost-bestseller-set-espresso.html,500,35.0,Srdcová záležitosť: Bestseller set - espresso
2026-07-14,praziaren-rydze,https://praziarenrydze.sk/espresso/500-srdcova-zalezitost-bestseller-set-espresso.html,500,35.0,Srdcová záležitosť: Bestseller set - espresso
2026-07-14,praziaren-rydze,https://praziarenrydze.sk/prazenakava/507-rydze-kilecko-vyberova-espresso.html,1000,25.73,Rýdze kilečko - výberová - espresso
2026-07-14,praziaren-velke-zaluzie,https://www.praziarenvelkezaluzie.sk/ethiopia-yiergacheffe-medium/,500,17.0,ETHIOPIA YIERGACHEFFE MEDIUM
2026-07-14,praziaren-velke-zaluzie,https://www.praziarenvelkezaluzie.sk/ethiopia-yiergacheffe-medium/,1000,34.0,ETHIOPIA YIERGACHEFFE MEDIUM
2026-07-14,praziaren-velke-zaluzie,https://www.praziarenvelkezaluzie.sk/dominikanska-republika-2/,500,18.0,DOMINIKÁNSKA REPUBLIKA
2026-07-14,praziaren-velke-zaluzie,https://www.praziarenvelkezaluzie.sk/dominikanska-republika-2/,1000,36.0,DOMINIKÁNSKA REPUBLIKA
2026-07-14,praziaren-velke-zaluzie,https://www.praziarenvelkezaluzie.sk/honduras/,500,15.0,HONDURAS
2026-07-14,praziaren-velke-zaluzie,https://www.praziarenvelkezaluzie.sk/honduras/,1000,30.0,HONDURAS
2026-07-14,praziaren-velke-zaluzie,https://www.praziarenvelkezaluzie.sk/a5/,500,17.0,A5
2026-07-14,praziaren-velke-zaluzie,https://www.praziarenvelkezaluzie.sk/a5/,1000,34.0,A5
2026-07-14,praziaren-velke-zaluzie,https://www.praziarenvelkezaluzie.sk/costa-rica/,500,16.0,COSTA RICA
2026-07-14,praziaren-velke-zaluzie,https://www.praziarenvelkezaluzie.sk/costa-rica/,1000,32.0,COSTA RICA
2026-07-14,praziaren-velke-zaluzie,https://www.praziarenvelkezaluzie.sk/costa-rica/,500,16.0,COSTA RICA
2026-07-14,praziaren-velke-zaluzie,https://www.praziarenvelkezaluzie.sk/costa-rica/,1000,32.0,COSTA RICA
2026-07-14,praziaren-velke-zaluzie,https://www.praziarenvelkezaluzie.sk/costa-rica/,500,16.0,COSTA RICA
2026-07-14,praziaren-velke-zaluzie,https://www.praziarenvelkezaluzie.sk/costa-rica/,1000,32.0,COSTA RICA
2026-07-14,praziaren-velke-zaluzie,https://www.praziarenvelkezaluzie.sk/costa-rica/,500,16.0,COSTA RICA
2026-07-14,praziaren-velke-zaluzie,https://www.praziarenvelkezaluzie.sk/costa-rica/,1000,32.0,COSTA RICA
2026-07-14,praziaren-velke-zaluzie,https://www.praziarenvelkezaluzie.sk/costa-rica/,500,16.0,COSTA RICA
2026-07-14,praziaren-velke-zaluzie,https://www.praziarenvelkezaluzie.sk/costa-rica/,1000,32.0,COSTA RICA
2026-07-14,praziaren-velke-zaluzie,https://www.praziarenvelkezaluzie.sk/costa-rica/,500,16.0,COSTA RICA
2026-07-14,praziaren-velke-zaluzie,https://www.praziarenvelkezaluzie.sk/costa-rica/,1000,32.0,COSTA RICA
2026-07-14,praziaren-velke-zaluzie,https://www.praziarenvelkezaluzie.sk/costa-rica/,500,16.0,COSTA RICA
2026-07-14,praziaren-velke-zaluzie,https://www.praziarenvelkezaluzie.sk/costa-rica/,1000,32.0,COSTA RICA
2026-07-14,praziaren-velke-zaluzie,https://www.praziarenvelkezaluzie.sk/colombia/,500,15.0,COLOMBIA
2026-07-14,praziaren-velke-zaluzie,https://www.praziarenvelkezaluzie.sk/colombia/,1000,30.0,COLOMBIA
2026-07-14,praziaren-velke-zaluzie,https://www.praziarenvelkezaluzie.sk/tanzania/,500,15.0,TANZÁNIA
2026-07-14,praziaren-velke-zaluzie,https://www.praziarenvelkezaluzie.sk/tanzania/,500,15.0,TANZÁNIA
2026-07-14,praziaren-velke-zaluzie,https://www.praziarenvelkezaluzie.sk/tanzania/,500,15.0,TANZÁNIA
2026-07-14,praziaren-velke-zaluzie,https://www.praziarenvelkezaluzie.sk/tanzania/,500,15.0,TANZÁNIA
2026-07-14,praziaren-velke-zaluzie,https://www.praziarenvelkezaluzie.sk/tanzania/,500,15.0,TANZÁNIA
2026-07-14,praziaren-velke-zaluzie,https://www.praziarenvelkezaluzie.sk/tanzania/,500,15.0,TANZÁNIA
2026-07-14,praziaren-velke-zaluzie,https://www.praziarenvelkezaluzie.sk/tanzania/,500,15.0,TANZÁNIA
2026-07-14,praziaren-velke-zaluzie,https://www.praziarenvelkezaluzie.sk/tanzania/,1000,30.0,TANZÁNIA
2026-07-14,praziaren-velke-zaluzie,https://www.praziarenvelkezaluzie.sk/tanzania/,1000,30.0,TANZÁNIA
2026-07-14,praziaren-velke-zaluzie,https://www.praziarenvelkezaluzie.sk/tanzania/,1000,30.0,TANZÁNIA
2026-07-14,praziaren-velke-zaluzie,https://www.praziarenvelkezaluzie.sk/tanzania/,1000,30.0,TANZÁNIA
2026-07-14,praziaren-velke-zaluzie,https://www.praziarenvelkezaluzie.sk/tanzania/,1000,30.0,TANZÁNIA
2026-07-14,praziaren-velke-zaluzie,https://www.praziarenvelkezaluzie.sk/tanzania/,1000,30.0,TANZÁNIA
2026-07-14,praziaren-velke-zaluzie,https://www.praziarenvelkezaluzie.sk/tanzania/,1000,30.0,TANZÁNIA
2026-07-14,praziaren-velke-zaluzie,https://www.praziarenvelkezaluzie.sk/ethiopia-yiergacheffe-dark/,500,17.0,ETHIOPIA YIERGACHEFFE DARK
2026-07-14,praziaren-velke-zaluzie,https://www.praziarenvelkezaluzie.sk/ethiopia-yiergacheffe-dark/,1000,17.0,ETHIOPIA YIERGACHEFFE DARK
2026-07-14,praziaren-velke-zaluzie,https://www.praziarenvelkezaluzie.sk/ethiopia-yiergacheffe-dark/,250,17.0,ETHIOPIA YIERGACHEFFE DARK
2026-07-14,praziaren-velke-zaluzie,https://www.praziarenvelkezaluzie.sk/ethiopia-yiergacheffe-dark/,750,17.0,ETHIOPIA YIERGACHEFFE DARK
2026-07-14,praziaren-velke-zaluzie,https://www.praziarenvelkezaluzie.sk/ethiopia-yiergacheffe-dark/,300,17.0,ETHIOPIA YIERGACHEFFE DARK
2026-07-14,praziaren-velke-zaluzie,https://www.praziarenvelkezaluzie.sk/ethiopia-yiergacheffe-dark/,800,17.0,ETHIOPIA YIERGACHEFFE DARK
2026-07-14,praziaren-velke-zaluzie,https://www.praziarenvelkezaluzie.sk/ethiopia-yiergacheffe-dark/,550,17.0,ETHIOPIA YIERGACHEFFE DARK
2026-07-14,praziaren-velke-zaluzie,https://www.praziarenvelkezaluzie.sk/ethiopia-yiergacheffe-dark/,1000,34.0,ETHIOPIA YIERGACHEFFE DARK
2026-07-14,praziaren-velke-zaluzie,https://www.praziarenvelkezaluzie.sk/ethiopia-yiergacheffe-dark/,2000,34.0,ETHIOPIA YIERGACHEFFE DARK
2026-07-14,praziaren-velke-zaluzie,https://www.praziarenvelkezaluzie.sk/ethiopia-yiergacheffe-dark/,1500,34.0,ETHIOPIA YIERGACHEFFE DARK
2026-07-14,praziaren-velke-zaluzie,https://www.praziarenvelkezaluzie.sk/ethiopia-yiergacheffe-dark/,2500,34.0,ETHIOPIA YIERGACHEFFE DARK
2026-07-14,praziaren-velke-zaluzie,https://www.praziarenvelkezaluzie.sk/ethiopia-yiergacheffe-dark/,1800,34.0,ETHIOPIA YIERGACHEFFE DARK
2026-07-14,praziaren-velke-zaluzie,https://www.praziarenvelkezaluzie.sk/ethiopia-yiergacheffe-dark/,2200,34.0,ETHIOPIA YIERGACHEFFE DARK
2026-07-14,praziaren-velke-zaluzie,https://www.praziarenvelkezaluzie.sk/ethiopia-yiergacheffe-dark/,3000,34.0,ETHIOPIA YIERGACHEFFE DARK
2026-07-14,ready-after,https://www.readyafter.sk/india-robusta-cherry-aa/,1000,28.0,India Robusta Cherry AA
2026-07-14,ready-after,https://www.readyafter.sk/india-robusta-cherry-aa/,500,16.0,India Robusta Cherry AA
2026-07-14,ready-after,https://www.readyafter.sk/cuba-serrano-lavado-wash/,200,10.9,Cuba Serrano Lavado Wash
2026-07-14,ready-after,https://www.readyafter.sk/cuba-serrano-lavado-wash/,500,24.0,Cuba Serrano Lavado Wash
2026-07-14,ready-after,https://www.readyafter.sk/cuba-serrano-lavado-wash/,1000,44.9,Cuba Serrano Lavado Wash
2026-07-14,ready-after,https://www.readyafter.sk/vietnam-lang-biang-anaerobic/,200,12.9,Vietnam Lang Biang Anaerobic - káva 100% Arabica
2026-07-14,ready-after,https://www.readyafter.sk/vietnam-lang-biang-anaerobic/,500,29.9,Vietnam Lang Biang Anaerobic - káva 100% Arabica
2026-07-14,ready-after,https://www.readyafter.sk/vietnam-lang-biang-anaerobic/,1000,57.0,Vietnam Lang Biang Anaerobic - káva 100% Arabica
2026-07-14,ready-after,https://www.readyafter.sk/summertime-coffee/,1000,57.9,SUMMERTIME Coffee - káva 100% Arabica
2026-07-14,ready-after,https://www.readyafter.sk/summertime-coffee/,200,12.9,SUMMERTIME Coffee - káva 100% Arabica
2026-07-14,ready-after,https://www.readyafter.sk/summertime-coffee/,500,29.5,SUMMERTIME Coffee - káva 100% Arabica
2026-07-14,ready-after,https://www.readyafter.sk/burundi-rumanda-muraho-natural-anaerobic/,1000,59.9,Burundi Rumanda Muraho Natural Anaerobic
2026-07-14,ready-after,https://www.readyafter.sk/burundi-rumanda-muraho-natural-anaerobic/,200,13.9,Burundi Rumanda Muraho Natural Anaerobic
2026-07-14,ready-after,https://www.readyafter.sk/burundi-rumanda-muraho-natural-anaerobic/,500,31.0,Burundi Rumanda Muraho Natural Anaerobic
2026-07-14,ready-after,https://www.readyafter.sk/rwanda-gicumbi-fully-washed-lot-01/,1000,43.0,Rwanda Gicumbi Fully washed LOT 01
2026-07-14,ready-after,https://www.readyafter.sk/rwanda-gicumbi-fully-washed-lot-01/,200,10.9,Rwanda Gicumbi Fully washed LOT 01
2026-07-14,ready-after,https://www.readyafter.sk/rwanda-gicumbi-fully-washed-lot-01/,500,23.0,Rwanda Gicumbi Fully washed LOT 01
2026-07-14,simple-coffee,https://simplecoffee.sk/produkt/zrnkova-kava-z-kolumbie/,250,9.9,Kolumbia – Columbia Excelso EP Organic
2026-07-14,simple-coffee,https://simplecoffee.sk/produkt/zrnkova-kava-z-kolumbie/,1000,35.9,Kolumbia – Columbia Excelso EP Organic
2026-07-14,simple-coffee,https://simplecoffee.sk/produkt/zrnkova-kava-z-guatemala-guatemala-el-quiche/,250,9.9,Zrnková káva Guatemala – 100 % arabica s čokoládou a citrusom
2026-07-14,simple-coffee,https://simplecoffee.sk/produkt/zrnkova-kava-z-guatemala-guatemala-el-quiche/,1000,35.9,Zrnková káva Guatemala – 100 % arabica s čokoládou a citrusom
2026-07-14,simple-coffee,https://simplecoffee.sk/produkt/zrnkova-kava-z-burundi/,250,9.9,Zrnková káva z Burundi – citrusová 100 % arabica
2026-07-14,simple-coffee,https://simplecoffee.sk/produkt/zrnkova-kava-z-burundi/,1000,35.9,Zrnková káva z Burundi – citrusová 100 % arabica
2026-07-14,simple-coffee,https://simplecoffee.sk/produkt/laskava-kava/,250,9.9,Láskavá káva od Simple
2026-07-14,simple-coffee,https://simplecoffee.sk/produkt/laskava-kava/,1000,35.9,Láskavá káva od Simple
2026-07-14,simple-coffee,https://simplecoffee.sk/produkt/zrnkova-kava-z-bolivie/,250,9.9,Bolívia Yungas – zrnková káva s jablkom v čokoláde
2026-07-14,simple-coffee,https://simplecoffee.sk/produkt/zrnkova-kava-z-bolivie/,1000,35.9,Bolívia Yungas – zrnková káva s jablkom v čokoláde
2026-07-14,simple-coffee,https://simplecoffee.sk/produkt/zrnkova-kava-z-dominikanske-republiky/,250,9.9,Zrnková káva z Dominikánskej republiky – karibská 100 % arabica
2026-07-14,simple-coffee,https://simplecoffee.sk/produkt/zrnkova-kava-z-dominikanske-republiky/,1000,35.9,Zrnková káva z Dominikánskej republiky – karibská 100 % arabica
2026-07-14,simple-coffee,https://simplecoffee.sk/produkt/zrnkova-kava-espresso-blend-brazil-indie/,250,8.9,Espresso Blend Brazil / India 80/20
2026-07-14,simple-coffee,https://simplecoffee.sk/produkt/zrnkova-kava-espresso-blend-brazil-indie/,1000,31.9,Espresso Blend Brazil / India 80/20
2026-07-14,simple-coffee,https://simplecoffee.sk/produkt/simple-new-wave-espresso-blend/,200,7.9,Simple New Wave Espresso Blend
2026-07-14,simple-coffee,https://simplecoffee.sk/produkt/running-high-svieza-ovocna-kava-na-filter/,250,9.9,RUNNING HIGH – svieža ovocná káva na filter
2026-07-14,simple-coffee,https://simplecoffee.sk/produkt/running-high-svieza-ovocna-kava-na-filter/,1000,35.9,RUNNING HIGH – svieža ovocná káva na filter
2026-07-14,simple-coffee,https://simplecoffee.sk/produkt/zrnkova-kava-espresso-blend-kostarika-indie/,250,8.9,Espresso Blend Kostarika / India – živé espresso s cremou
2026-07-14,simple-coffee,https://simplecoffee.sk/produkt/zrnkova-kava-espresso-blend-kostarika-indie/,1000,31.9,Espresso Blend Kostarika / India – živé espresso s cremou
2026-07-14,simple-coffee,https://simplecoffee.sk/produkt/el-salvador-washed-200g-special/,200,7.9,El Salvador Washed – 200g špeciál
2026-07-14,simple-coffee,https://simplecoffee.sk/produkt/simple-special-praziara/,250,9.9,Simple špeciál pražiara
2026-07-14,simple-coffee,https://simplecoffee.sk/produkt/simple-special-praziara/,1000,35.9,Simple špeciál pražiara
2026-07-14,simple-coffee,https://simplecoffee.sk/produkt/ta-prava-kava/,250,9.9,Tá pravá káva
2026-07-14,simple-coffee,https://simplecoffee.sk/produkt/ta-prava-kava/,1000,35.9,Tá pravá káva
2026-07-14,simple-coffee,https://simplecoffee.sk/produkt/zrnkova-kava-oro-nero/,250,8.9,Oro Nero – silná zrnková káva s vysokým obsahom kofeínu
2026-07-14,simple-coffee,https://simplecoffee.sk/produkt/zrnkova-kava-oro-nero/,1000,31.9,Oro Nero – silná zrnková káva s vysokým obsahom kofeínu
2026-07-14,simple-coffee,https://simplecoffee.sk/produkt/zrnkova-kava-z-mexika/,250,9.9,Zrnková káva Mexiko – jemná s čokoládou a orieškami
2026-07-14,simple-coffee,https://simplecoffee.sk/produkt/zrnkova-kava-z-mexika/,1000,35.9,Zrnková káva Mexiko – jemná s čokoládou a orieškami
2026-07-14,simple-coffee,https://simplecoffee.sk/produkt/zrnkova-kava-z-peru/,250,9.9,"Zrnková káva Peru – vanilka, oriešky a nízka kyslosť"
2026-07-14,simple-coffee,https://simplecoffee.sk/produkt/zrnkova-kava-z-peru/,1000,35.9,"Zrnková káva Peru – vanilka, oriešky a nízka kyslosť"
2026-07-14,simple-coffee,https://simplecoffee.sk/produkt/zrnkova-bezkofeinova-kava-decaf/,250,10.5,Zrnková bezkofeínová káva Peru Decaf – Swiss Water
2026-07-14,simple-coffee,https://simplecoffee.sk/produkt/zrnkova-bezkofeinova-kava-decaf/,1000,38.9,Zrnková bezkofeínová káva Peru Decaf – Swiss Water
2026-07-14,simple-coffee,https://simplecoffee.sk/produkt/zrnkova-kava-z-brazilie-brazil-cerrado-santos/,250,9.9,Brazil Cerrado Santos
2026-07-14,simple-coffee,https://simplecoffee.sk/produkt/zrnkova-kava-z-brazilie-brazil-cerrado-santos/,1000,35.9,Brazil Cerrado Santos
2026-07-14,simple-coffee,https://simplecoffee.sk/produkt/zrnkova-kava-z-etiopie-etiopie-yirgacheffe/,250,9.9,Zrnková káva z Etiópie Yirgacheffe – citrusová 100 % arabica
2026-07-14,simple-coffee,https://simplecoffee.sk/produkt/zrnkova-kava-z-etiopie-etiopie-yirgacheffe/,1000,35.9,Zrnková káva z Etiópie Yirgacheffe – citrusová 100 % arabica
2026-07-14,simple-coffee,https://simplecoffee.sk/produkt/zrnkova-kava-z-keni/,250,9.9,Keňa Nyeri – zrnková káva s citrusmi a sladkou čerešňou
2026-07-14,simple-coffee,https://simplecoffee.sk/produkt/zrnkova-kava-z-keni/,1000,35.9,Keňa Nyeri – zrnková káva s citrusmi a sladkou čerešňou
2026-07-14,spojka-roastery,https://shop.spojkaroastery.com/en/products/kikobero-organic-coffee-kapsule,200,15.0,Comité: El Diamante coffee CAPSULES
2026-07-14,spojka-roastery,https://shop.spojkaroastery.com/en/products/condor-1,200,12.0,"Condor, Filter"
2026-07-14,spojka-roastery,https://shop.spojkaroastery.com/en/products/condor-1,500,30.0,"Condor, Filter"
2026-07-14,spojka-roastery,https://shop.spojkaroastery.com/en/products/condor-1,1000,58.0,"Condor, Filter"
2026-07-14,spojka-roastery,https://shop.spojkaroastery.com/en/products/gold-digger-colombia-drip-bag,12,3.0,Gold Digger – Colombia (Drip Bag)
2026-07-14,spojka-roastery,https://shop.spojkaroastery.com/en/products/condor,200,12.0,"Condor, Espresso"
2026-07-14,spojka-roastery,https://shop.spojkaroastery.com/en/products/condor,500,30.0,"Condor, Espresso"
2026-07-14,spojka-roastery,https://shop.spojkaroastery.com/en/products/condor,1000,58.0,"Condor, Espresso"
2026-07-14,spojka-roastery,https://shop.spojkaroastery.com/en/products/humming-bird-costa-rica-drip-bag,12,3.0,Humming Bird – Costa Rica (Drip Bag)
2026-07-14,spojka-roastery,https://shop.spojkaroastery.com/en/products/rocket-flower-colombia-drip-bag,12,3.0,Rocket Flower – Colombia (Drip Bag)
2026-07-14,spojka-roastery,https://shop.spojkaroastery.com/en/products/slow-dry-society,200,25.0,"Slow Dry Society, omni roast"
2026-07-14,spojka-roastery,https://shop.spojkaroastery.com/en/products/slow-dry-society,500,60.0,"Slow Dry Society, omni roast"
2026-07-14,spojka-roastery,https://shop.spojkaroastery.com/en/products/slow-dry-society,1000,116.0,"Slow Dry Society, omni roast"
2026-07-14,spojka-roastery,https://shop.spojkaroastery.com/en/products/pina-colada,200,20.0,Pina Colada
2026-07-14,spojka-roastery,https://shop.spojkaroastery.com/en/products/la-eva,200,17.5,La Eva
2026-07-14,spojka-roastery,https://shop.spojkaroastery.com/en/products/la-eva,500,42.0,La Eva
2026-07-14,spojka-roastery,https://shop.spojkaroastery.com/en/products/la-eva,1000,82.0,La Eva
2026-07-14,spojka-roastery,https://shop.spojkaroastery.com/en/products/wake-the-f-ck-cup,200,19.0,Wake the f*ck up
2026-07-14,spojka-roastery,https://shop.spojkaroastery.com/en/products/wake-the-f-ck-cup,500,45.0,Wake the f*ck up
2026-07-14,spojka-roastery,https://shop.spojkaroastery.com/en/products/wake-the-f-ck-cup,1000,90.0,Wake the f*ck up
2026-07-14,spojka-roastery,https://shop.spojkaroastery.com/en/products/bach-1,12,3.0,Bach – Costa Rica (Drip Bag)
2026-07-14,suca-roastery,https://www.sucaroastery.sk/p/guatemala-finca-pampojila,250,12.9,Guatemala Finca Pampojila
2026-07-14,suca-roastery,https://www.sucaroastery.sk/p/guatemala-finca-pampojila,250,12.9,Guatemala Finca Pampojila
2026-07-14,suca-roastery,https://www.sucaroastery.sk/p/guatemala-finca-pampojila,500,23.9,Guatemala Finca Pampojila
2026-07-14,suca-roastery,https://www.sucaroastery.sk/p/guatemala-finca-pampojila,500,23.9,Guatemala Finca Pampojila
2026-07-14,suca-roastery,https://www.sucaroastery.sk/p/colombia-jesus-barahona-buenavista,250,11.0,Colombia Jesus Barahona Buenavista
2026-07-14,suca-roastery,https://www.sucaroastery.sk/p/colombia-jesus-barahona-buenavista,500,18.0,Colombia Jesus Barahona Buenavista
2026-07-14,suca-roastery,https://www.sucaroastery.sk/p/colombia-jesus-barahona-buenavista,250,11.0,Colombia Jesus Barahona Buenavista
2026-07-14,suca-roastery,https://www.sucaroastery.sk/p/colombia-jesus-barahona-buenavista,500,18.0,Colombia Jesus Barahona Buenavista
2026-07-14,suca-roastery,https://www.sucaroastery.sk/p/guatemala-la-bella-natural,250,9.8,Guatemala La Bella natural
2026-07-14,suca-roastery,https://www.sucaroastery.sk/p/guatemala-la-bella-natural,500,10.9,Guatemala La Bella natural
2026-07-14,suca-roastery,https://www.sucaroastery.sk/p/guatemala-la-bella-natural,250,9.8,Guatemala La Bella natural
2026-07-14,suca-roastery,https://www.sucaroastery.sk/p/guatemala-la-bella-natural,500,10.9,Guatemala La Bella natural
2026-07-14,suca-roastery,https://www.sucaroastery.sk/p/costarica-palmichal-los-vindas,250,8.9,Costarica Palmichal Los Vindas
2026-07-14,suca-roastery,https://www.sucaroastery.sk/p/costarica-palmichal-los-vindas,500,9.9,Costarica Palmichal Los Vindas
2026-07-14,suca-roastery,https://www.sucaroastery.sk/p/vietnam-langbiang-double-washed,250,11.3,Vietnam Langbiang double washed
2026-07-14,suca-roastery,https://www.sucaroastery.sk/p/vietnam-langbiang-double-washed,500,20.6,Vietnam Langbiang double washed
2026-07-14,suca-roastery,https://www.sucaroastery.sk/p/vietnam-langbiang-double-washed,250,11.3,Vietnam Langbiang double washed
2026-07-14,suca-roastery,https://www.sucaroastery.sk/p/vietnam-langbiang-double-washed,500,20.6,Vietnam Langbiang double washed
2026-07-14,suca-roastery,https://www.sucaroastery.sk/p/colombia-monteblanco,250,18.9,Colombia Monteblanco
2026-07-14,suca-roastery,https://www.sucaroastery.sk/p/brazil-fazenda-das-almas,250,10.5,Brazil Fazenda das Almas
2026-07-14,suca-roastery,https://www.sucaroastery.sk/p/brazil-fazenda-das-almas,250,10.5,Brazil Fazenda das Almas
2026-07-14,suca-roastery,https://www.sucaroastery.sk/p/brazil-fazenda-das-almas,250,10.5,Brazil Fazenda das Almas
2026-07-14,suca-roastery,https://www.sucaroastery.sk/p/brazil-fazenda-das-almas,250,10.5,Brazil Fazenda das Almas
2026-07-14,suca-roastery,https://www.sucaroastery.sk/p/brazil-fazenda-das-almas,500,21.0,Brazil Fazenda das Almas
2026-07-14,suca-roastery,https://www.sucaroastery.sk/p/brazil-fazenda-das-almas,500,21.0,Brazil Fazenda das Almas
2026-07-14,suca-roastery,https://www.sucaroastery.sk/p/brazil-fazenda-das-almas,500,21.0,Brazil Fazenda das Almas
2026-07-14,suca-roastery,https://www.sucaroastery.sk/p/brazil-fazenda-das-almas,500,21.0,Brazil Fazenda das Almas
2026-07-14,suca-roastery,https://www.sucaroastery.sk/p/colombia-hacienda-la-claudina-washed,250,8.9,Colombia Hacienda La Claudina washed
2026-07-14,suca-roastery,https://www.sucaroastery.sk/p/colombia-hacienda-la-claudina-washed,500,14.5,Colombia Hacienda La Claudina washed
2026-07-14,suca-roastery,https://www.sucaroastery.sk/p/colombia-hacienda-la-claudina-washed,1000,26.9,Colombia Hacienda La Claudina washed
2026-07-14,suca-roastery,https://www.sucaroastery.sk/p/colombia-ombligon-sugarcane-decaf,250,15.9,Colombia Ombligon sugarcane decaf
2026-07-14,suca-roastery,https://www.sucaroastery.sk/p/colombia-ombligon-sugarcane-decaf,250,15.9,Colombia Ombligon sugarcane decaf
2026-07-14,suca-roastery,https://www.sucaroastery.sk/p/colombia-ombligon-sugarcane-decaf,500,26.9,Colombia Ombligon sugarcane decaf
2026-07-14,suca-roastery,https://www.sucaroastery.sk/p/colombia-ombligon-sugarcane-decaf,500,26.9,Colombia Ombligon sugarcane decaf
2026-07-14,suca-roastery,https://www.sucaroastery.sk/p/nicaragua-finca-el-cipres,250,10.9,Nicaragua Finca El Ciprés
2026-07-14,suca-roastery,https://www.sucaroastery.sk/p/nicaragua-finca-el-cipres,500,19.8,Nicaragua Finca El Ciprés
2026-07-14,suca-roastery,https://www.sucaroastery.sk/p/nicaragua-finca-el-cipres,250,10.9,Nicaragua Finca El Ciprés
2026-07-14,suca-roastery,https://www.sucaroastery.sk/p/nicaragua-finca-el-cipres,500,19.8,Nicaragua Finca El Ciprés
2026-07-14,suca-roastery,https://www.sucaroastery.sk/p/kenya-endebess-natural,250,9.8,Kenya Endebess natural
2026-07-14,suca-roastery,https://www.sucaroastery.sk/p/kenya-endebess-natural,500,11.5,Kenya Endebess natural
2026-07-14,sweet-beans-coffee,https://www.sweetbeans.coffee/produkt/tesla-blend-espresso/,200,14.0,Tesla Blend | espresso
2026-07-14,sweet-beans-coffee,https://www.sweetbeans.coffee/produkt/tesla-blend-espresso/,500,29.0,Tesla Blend | espresso
2026-07-14,sweet-beans-coffee,https://www.sweetbeans.coffee/produkt/tesla-blend-espresso/,1000,49.0,Tesla Blend | espresso
2026-07-14,sweet-beans-coffee,https://www.sweetbeans.coffee/produkt/palm-beach-espresso-coconut-fermentation/,500,39.0,Palm Beach Espresso | coconut fermentation
2026-07-14,sweet-beans-coffee,https://www.sweetbeans.coffee/produkt/palm-beach-espresso-coconut-fermentation/,1000,69.0,Palm Beach Espresso | coconut fermentation
2026-07-14,sweet-beans-coffee,https://www.sweetbeans.coffee/produkt/sweeter-blend-espresso/,500,29.0,Sweeter Blend | espresso
2026-07-14,sweet-beans-coffee,https://www.sweetbeans.coffee/produkt/sweeter-blend-espresso/,1000,39.0,Sweeter Blend | espresso
2026-07-14,sweet-beans-coffee,https://www.sweetbeans.coffee/produkt/colombia-villa-betulia-washed-pacamara/,200,20.0,Colombia Villa Betulia | washed pacamara
2026-07-14,sweet-beans-coffee,https://www.sweetbeans.coffee/produkt/colombia-villa-betulia-washed-pacamara/,500,49.0,Colombia Villa Betulia | washed pacamara
2026-07-14,sweet-beans-coffee,https://www.sweetbeans.coffee/produkt/colombia-villa-betulia-washed-pacamara/,1000,89.0,Colombia Villa Betulia | washed pacamara
2026-07-14,sweet-beans-coffee,https://www.sweetbeans.coffee/produkt/peru-san-ignacio-espresso/,500,29.0,Peru San Ignacio Espresso
2026-07-14,sweet-beans-coffee,https://www.sweetbeans.coffee/produkt/peru-san-ignacio-espresso/,1000,39.0,Peru San Ignacio Espresso
2026-07-14,sweet-beans-coffee,https://www.sweetbeans.coffee/produkt/sweetdrip-x-bolivia/,12,12.0,SweetDrip x Colombia
2026-07-14,sweet-beans-coffee,https://www.sweetbeans.coffee/produkt/colombia-jairo-arcila-wine-yeast-x-mango/,200,24.0,Colombia Jairo Arcila | wine yeast x mango
2026-07-14,sweet-beans-coffee,https://www.sweetbeans.coffee/produkt/colombia-jairo-arcila-wine-yeast-x-mango/,500,49.0,Colombia Jairo Arcila | wine yeast x mango
2026-07-14,sweet-beans-coffee,https://www.sweetbeans.coffee/produkt/sweetdrip-x-ethiopia/,12,9.99,SweetDrip x Ethiopia
2026-07-14,sweet-beans-coffee,https://www.sweetbeans.coffee/produkt/ethiopia-lalesa-anaerobic-natural-kopia/,200,20.0,Costa Rica Las Lajas – Black Diamond | anaerobic honey
2026-07-14,sweet-beans-coffee,https://www.sweetbeans.coffee/produkt/ethiopia-lalesa-anaerobic-natural-kopia/,500,45.0,Costa Rica Las Lajas – Black Diamond | anaerobic honey
2026-07-14,sweet-beans-coffee,https://www.sweetbeans.coffee/produkt/ethiopia-lalesa-anaerobic-natural-kopia/,1000,69.0,Costa Rica Las Lajas – Black Diamond | anaerobic honey
2026-07-14,sweet-beans-coffee,https://www.sweetbeans.coffee/produkt/spring-filter-blend/,200,18.0,Spring Filter Blend
2026-07-14,sweet-beans-coffee,https://www.sweetbeans.coffee/produkt/spring-filter-blend/,500,36.0,Spring Filter Blend
2026-07-14,sweet-beans-coffee,https://www.sweetbeans.coffee/produkt/spring-filter-blend/,1000,59.0,Spring Filter Blend
2026-07-14,sweet-beans-coffee,https://www.sweetbeans.coffee/produkt/colombia-jairo-arcila-wine-yeast-x-peach/,200,24.0,Colombia Jairo Arcila | wine yeast x peach
2026-07-14,sweet-beans-coffee,https://www.sweetbeans.coffee/produkt/colombia-jairo-arcila-wine-yeast-x-peach/,500,49.0,Colombia Jairo Arcila | wine yeast x peach
2026-07-14,sweet-beans-coffee,https://www.sweetbeans.coffee/produkt/rwanda-kigoma-natural/,200,14.0,Rwanda Kigoma | natural
2026-07-14,sweet-beans-coffee,https://www.sweetbeans.coffee/produkt/rwanda-kigoma-natural/,500,35.0,Rwanda Kigoma | natural
2026-07-14,sweet-beans-coffee,https://www.sweetbeans.coffee/produkt/rwanda-kigoma-natural/,1000,49.0,Rwanda Kigoma | natural
2026-07-14,sweet-beans-coffee,https://www.sweetbeans.coffee/produkt/colombia-jairo-arcila-wine-yeast-x-passion/,200,24.0,Colombia Jairo Arcila | wine yeast x passion fruit
2026-07-14,sweet-beans-coffee,https://www.sweetbeans.coffee/produkt/colombia-jairo-arcila-wine-yeast-x-passion/,500,49.0,Colombia Jairo Arcila | wine yeast x passion fruit
2026-07-14,sweet-beans-coffee,https://www.sweetbeans.coffee/produkt/sweetdrip-x-kenya/,12,9.99,SweetDrip x Kenya
2026-07-14,sweet-beans-coffee,https://www.sweetbeans.coffee/produkt/colombia-attia-washed/,200,14.0,Colombia Attia | washed
2026-07-14,sweet-beans-coffee,https://www.sweetbeans.coffee/produkt/colombia-attia-washed/,500,35.0,Colombia Attia | washed
2026-07-14,sweet-beans-coffee,https://www.sweetbeans.coffee/produkt/colombia-attia-washed/,1000,49.0,Colombia Attia | washed
2026-07-14,sweet-beans-coffee,https://www.sweetbeans.coffee/produkt/colombia-luz-helena-salazar-natural-caturra/,200,20.0,Colombia Luz Helena Salazar | natural caturra
2026-07-14,sweet-beans-coffee,https://www.sweetbeans.coffee/produkt/colombia-luz-helena-salazar-natural-caturra/,500,49.0,Colombia Luz Helena Salazar | natural caturra
2026-07-14,sweet-beans-coffee,https://www.sweetbeans.coffee/produkt/colombia-luz-helena-salazar-natural-caturra/,1000,89.0,Colombia Luz Helena Salazar | natural caturra
2026-07-14,sweet-beans-coffee,https://www.sweetbeans.coffee/produkt/costa-rica-higueronal-f1-anaerobic-natural/,200,20.0,Costa Rica Higueronal F1 | anaerobic natural
2026-07-14,sweet-beans-coffee,https://www.sweetbeans.coffee/produkt/costa-rica-higueronal-f1-anaerobic-natural/,500,49.0,Costa Rica Higueronal F1 | anaerobic natural
2026-07-14,sweet-beans-coffee,https://www.sweetbeans.coffee/produkt/costa-rica-higueronal-f1-anaerobic-natural/,1000,89.0,Costa Rica Higueronal F1 | anaerobic natural
2026-07-14,sweet-beans-coffee,https://www.sweetbeans.coffee/produkt/colombia-attia-washed-kopia/,200,14.0,Rwanda Rugamba | honey
2026-07-14,sweet-beans-coffee,https://www.sweetbeans.coffee/produkt/colombia-attia-washed-kopia/,500,35.0,Rwanda Rugamba | honey
2026-07-14,sweet-beans-coffee,https://www.sweetbeans.coffee/produkt/colombia-attia-washed-kopia/,1000,49.0,Rwanda Rugamba | honey
2026-07-14,trip-roasters,https://triproasters.sk/el-salvador-apaneca/,1000,36.0,EL SALVADOR – APANECA
2026-07-14,trip-roasters,https://triproasters.sk/el-salvador-apaneca/,250,12.0,EL SALVADOR – APANECA
2026-07-14,trip-roasters,https://triproasters.sk/papua-new-guinea-lamari/,250,11.0,PAPUA NEW GUINEA – LAMARI
2026-07-14,trip-roasters,https://triproasters.sk/papua-new-guinea-lamari/,1000,34.0,PAPUA NEW GUINEA – LAMARI
2026-07-14,trip-roasters,https://triproasters.sk/indonesia-flowertron/,250,14.0,INDONESIA – FLOWERTRON
2026-07-14,trip-roasters,https://triproasters.sk/colombia-tumbaga-decaf/,1000,34.0,COLOMBIA – TUMBAGA DECAF
2026-07-14,trip-roasters,https://triproasters.sk/colombia-tumbaga-decaf/,250,11.0,COLOMBIA – TUMBAGA DECAF
2026-07-14,trip-roasters,https://triproasters.sk/summer-roast/,250,11.0,SUMMER ROAST
2026-07-14,trip-roasters,https://triproasters.sk/ethiopia-kelloo/,1000,36.0,ETHIOPIA – KELLOO
2026-07-14,trip-roasters,https://triproasters.sk/ethiopia-kelloo/,250,12.0,ETHIOPIA – KELLOO
2026-07-14,trip-roasters,https://triproasters.sk/peru-amazonas/,1000,34.0,PERU – AMAZONAS
2026-07-14,trip-roasters,https://triproasters.sk/peru-amazonas/,250,11.0,PERU – AMAZONAS
2026-07-14,trip-roasters,https://triproasters.sk/brazil-fazenda-malhada/,250,9.0,BRAZIL – FAZENDA MALHADA
2026-07-14,trip-roasters,https://triproasters.sk/brazil-fazenda-malhada/,1000,31.0,BRAZIL – FAZENDA MALHADA
2026-07-14,trip-roasters,https://triproasters.sk/kenya-kiambu/,1000,36.0,KENYA – KIAMBU
2026-07-14,trip-roasters,https://triproasters.sk/kenya-kiambu/,250,12.0,KENYA – KIAMBU
2026-07-14,trip-roasters,https://triproasters.sk/colombia-sofia/,250,9.0,COLOMBIA – SOFIA
2026-07-14,trip-roasters,https://triproasters.sk/colombia-sofia/,1000,32.0,COLOMBIA – SOFIA
2026-07-14,trip-roasters,https://triproasters.sk/colombia-huila/,1000,32.0,COLOMBIA – HUILA
2026-07-14,trip-roasters,https://triproasters.sk/colombia-huila/,250,9.0,COLOMBIA – HUILA
2026-07-14,trip-roasters,https://triproasters.sk/mexico-santa-cruz/,1000,34.0,MEXICO – SANTA CRUZ
2026-07-14,trip-roasters,https://triproasters.sk/mexico-santa-cruz/,250,11.0,MEXICO – SANTA CRUZ
2026-07-14,trip-roasters,https://triproasters.sk/panama-finca-hartmann/,250,16.0,PANAMA – FINCA HARTMANN
2026-07-14,trip-roasters,https://triproasters.sk/indonesia-kamala/,250,14.0,INDONESIA – KAMALA
2026-07-14,triple-five-coffee,https://triplefivecoffee.com/product/tanzania-geisha-filter/,180,23.0,Tanzania Geisha (filter)
2026-07-14,triple-five-coffee,https://triplefivecoffee.com/product/rwanda-natural-filter/,500,28.0,Rwanda Natural (filter)
2026-07-14,triple-five-coffee,https://triplefivecoffee.com/product/rwanda-natural-filter/,250,15.0,Rwanda Natural (filter)
2026-07-14,triple-five-coffee,https://triplefivecoffee.com/product/kenya-ruka-chui-espresso/,1000,36.0,Kenya Ruka Chui (omni)
2026-07-14,triple-five-coffee,https://triplefivecoffee.com/product/kenya-ruka-chui-espresso/,250,14.0,Kenya Ruka Chui (omni)
2026-07-14,triple-five-coffee,https://triplefivecoffee.com/product/tanzania-acacia-hills-filter/,500,23.0,Tanzania Acacia Hills (filter)
2026-07-14,triple-five-coffee,https://triplefivecoffee.com/product/tanzania-acacia-hills-filter/,250,15.0,Tanzania Acacia Hills (filter)
2026-07-14,triple-five-coffee,https://triplefivecoffee.com/product/brazil-mogiana-espresso/,1000,31.0,Brazil Mogiana (espresso)
2026-07-14,triple-five-coffee,https://triplefivecoffee.com/product/brazil-mogiana-espresso/,250,13.0,Brazil Mogiana (espresso)
2026-07-14,triple-five-coffee,https://triplefivecoffee.com/product/sevilla-sugarcane-decaf/,500,26.0,Colombia Tumbaga Sugarcane Decaf
2026-07-14,triple-five-coffee,https://triplefivecoffee.com/product/sevilla-sugarcane-decaf/,250,17.0,Colombia Tumbaga Sugarcane Decaf
2026-07-14,two-hands,https://www.twohands.sk/prazena-kava-blend-two-hands/,200,10.0,Two Hands Blend
2026-07-14,two-hands,https://www.twohands.sk/prazena-kava-blend-two-hands/,1000,30.0,Two Hands Blend
2026-07-14,two-hands,https://www.twohands.sk/kena/,200,13.0,Keňa Jumbo Jumbo
2026-07-14,two-hands,https://www.twohands.sk/kena/,1000,37.0,Keňa Jumbo Jumbo
2026-07-14,two-hands,https://www.twohands.sk/kava-brazilia-doce-diamntina/,200,10.5,Brazil Doce Diamntina
2026-07-14,two-hands,https://www.twohands.sk/kava-brazilia-doce-diamntina/,1000,32.0,Brazil Doce Diamntina
2026-07-14,two-hands,https://www.twohands.sk/pink-honey/,200,14.5,Pink Honey
2026-07-14,urban-coffee,https://www.urbancoffee.sk/honduras-guara-verde/,250,10.0,Honduras Guara Verde - Pražená káva 100% Arabica
2026-07-14,urban-coffee,https://www.urbancoffee.sk/honduras-guara-verde/,500,18.0,Honduras Guara Verde - Pražená káva 100% Arabica
2026-07-14,urban-coffee,https://www.urbancoffee.sk/honduras-guara-verde/,1000,31.0,Honduras Guara Verde - Pražená káva 100% Arabica
2026-07-14,urban-coffee,https://www.urbancoffee.sk/brasil-santos-mogiana-ss-fc-17-18-prazena-vyberova-kava-100--arabica/,250,10.0,Brasil Santos Mogiana SS FC 17/18 - Pražená výberová káva 100% Arabica
2026-07-14,urban-coffee,https://www.urbancoffee.sk/brasil-santos-mogiana-ss-fc-17-18-prazena-vyberova-kava-100--arabica/,500,17.5,Brasil Santos Mogiana SS FC 17/18 - Pražená výberová káva 100% Arabica
2026-07-14,urban-coffee,https://www.urbancoffee.sk/brasil-santos-mogiana-ss-fc-17-18-prazena-vyberova-kava-100--arabica/,1000,29.9,Brasil Santos Mogiana SS FC 17/18 - Pražená výberová káva 100% Arabica
2026-07-14,urban-coffee,https://www.urbancoffee.sk/ethiopia-sidamo-gr--1-prazena-vyberova-kava/,250,12.5,Ethiopia Sidamo Gr. 1 - Pražená výberová káva 100% Arabica
2026-07-14,urban-coffee,https://www.urbancoffee.sk/ethiopia-sidamo-gr--1-prazena-vyberova-kava/,500,19.5,Ethiopia Sidamo Gr. 1 - Pražená výberová káva 100% Arabica
2026-07-14,urban-coffee,https://www.urbancoffee.sk/ethiopia-sidamo-gr--1-prazena-vyberova-kava/,1000,28.5,Ethiopia Sidamo Gr. 1 - Pražená výberová káva 100% Arabica
2026-07-14,urban-coffee,https://www.urbancoffee.sk/costa-rica-tres-nubes-prazena-vyberova-kava-100--arabica/,250,11.0,Costa Rica Tres Nubes SHB EP - Pražená výberová káva 100% Arabica
2026-07-14,urban-coffee,https://www.urbancoffee.sk/costa-rica-tres-nubes-prazena-vyberova-kava-100--arabica/,500,17.9,Costa Rica Tres Nubes SHB EP - Pražená výberová káva 100% Arabica
2026-07-14,urban-coffee,https://www.urbancoffee.sk/costa-rica-tres-nubes-prazena-vyberova-kava-100--arabica/,1000,32.5,Costa Rica Tres Nubes SHB EP - Pražená výberová káva 100% Arabica
2026-07-14,urban-coffee,https://www.urbancoffee.sk/mexico-topacio-prazena-vyberova-kava-100--arabica/,250,12.0,Mexico Topacio - Pražená výberová káva 100% Arabica
2026-07-14,urban-coffee,https://www.urbancoffee.sk/mexico-topacio-prazena-vyberova-kava-100--arabica/,500,18.9,Mexico Topacio - Pražená výberová káva 100% Arabica
2026-07-14,urban-coffee,https://www.urbancoffee.sk/mexico-topacio-prazena-vyberova-kava-100--arabica/,1000,33.5,Mexico Topacio - Pražená výberová káva 100% Arabica
2026-07-14,urban-coffee,https://www.urbancoffee.sk/el-salvador-pacamara/,250,9.0,El Salvador Pacamara
2026-07-14,urban-coffee,https://www.urbancoffee.sk/el-salvador-pacamara/,500,15.5,El Salvador Pacamara
2026-07-14,urban-coffee,https://www.urbancoffee.sk/el-salvador-pacamara/,1000,26.5,El Salvador Pacamara
2026-07-14,urban-coffee,https://www.urbancoffee.sk/kenya-ab-rungeto-kiangoi/,250,12.0,Kenya AB Rungeto Kiangoi
2026-07-14,urban-coffee,https://www.urbancoffee.sk/kenya-ab-rungeto-kiangoi/,500,18.9,Kenya AB Rungeto Kiangoi
2026-07-14,urban-coffee,https://www.urbancoffee.sk/kenya-ab-rungeto-kiangoi/,1000,34.0,Kenya AB Rungeto Kiangoi
2026-07-20,9-grams-coffee,https://www.coffeeart.me/9-grams-coffee-ethiopia-yirgacheffe-grade-2-co2-decaf-washed/,1000,34.0,9 Grams Coffee Ethiopia Yirgacheffe Grade 2 CO2 Decaf washed,
2026-07-20,9-grams-coffee,https://www.coffeeart.me/9-grams-coffee-ethiopia-yirgacheffe-grade-2-co2-decaf-washed/,250,12.0,9 Grams Coffee Ethiopia Yirgacheffe Grade 2 CO2 Decaf washed,
2026-07-20,9-grams-coffee,https://www.coffeeart.me/9-grams-coffee-dominikanska-republika-barahona-aa-washed/,1000,33.9,9 Grams Coffee Dominikanska Republika Barahona AA washed,
2026-07-20,alternativ-coffee,https://avcoffee.sk/prazena-kava/17516-19842-indonesia-black-star-zrnkova-kavy-.html,250,14.0,Indonesia Black Star zrnková kávy,
2026-07-20,alternativ-coffee,https://avcoffee.sk/prazena-kava/17516-19842-indonesia-black-star-zrnkova-kavy-.html,1000,56.0,Indonesia Black Star zrnková kávy,
2026-07-20,alternativ-coffee,https://avcoffee.sk/prazena-kava/17526-19883-peach-sunset-broskynova-kava.html,250,13.5,Peach Sunset - broskyňová káva,
2026-07-20,alternativ-coffee,https://avcoffee.sk/prazena-kava/17526-19883-peach-sunset-broskynova-kava.html,1000,54.0,Peach Sunset - broskyňová káva,
2026-07-20,alternativ-coffee,https://avcoffee.sk/prazena-kava/17478-19780-kava-pre-ucitelov.html,250,14.9,Káva pre UČITEĽOV,
2026-07-20,black,https://www.black.sk/sk/juicy-pussy,1000,55.0,blend • juicy pussy,
2026-07-20,coffeein,https://www.coffeein.sk/detail/947/kava-15-rokov-coffeein-espresso-200-g-zrnkova-kava/,200,7.99,Káva 15 rokov COFFEEIN Espresso,
2026-07-20,coffeein,https://www.coffeein.sk/detail/730/kava-pre-mamicku-200-g-zrnkova-kava/,200,7.99,"Káva pre mamičku (200 g, zrnková káva)",
2026-07-20,concept-coffee-roasters,https://www.conceptcoffee.sk/java-cloud-colombia/,250,22.0,Java Cloud – Colombia,Praženie: Filter
2026-07-20,concept-coffee-roasters,https://www.conceptcoffee.sk/java-cloud-colombia/,1000,80.0,Java Cloud – Colombia,Praženie: Filter
2026-07-20,concept-coffee-roasters,https://www.conceptcoffee.sk/java-cloud-colombia/,250,22.0,Java Cloud – Colombia,Praženie: Espresso
2026-07-20,concept-coffee-roasters,https://www.conceptcoffee.sk/java-cloud-colombia/,1000,80.0,Java Cloud – Colombia,Praženie: Espresso
2026-07-20,concept-coffee-roasters,https://www.conceptcoffee.sk/summerjam-colombia/,250,18.5,Summerjam – Colombia,Praženie: Filter
2026-07-20,concept-coffee-roasters,https://www.conceptcoffee.sk/summerjam-colombia/,1000,66.0,Summerjam – Colombia,Praženie: Filter
2026-07-20,concept-coffee-roasters,https://www.conceptcoffee.sk/summerjam-colombia/,250,18.5,Summerjam – Colombia,Praženie: Espresso
2026-07-20,concept-coffee-roasters,https://www.conceptcoffee.sk/summerjam-colombia/,1000,66.0,Summerjam – Colombia,Praženie: Espresso
2026-07-20,concept-coffee-roasters,https://www.conceptcoffee.sk/strawberry-icecream-colombia/,250,18.0,Strawberry Icecream – Colombia,Praženie: Filter
2026-07-20,concept-coffee-roasters,https://www.conceptcoffee.sk/strawberry-icecream-colombia/,1000,62.0,Strawberry Icecream – Colombia,Praženie: Filter
2026-07-20,concept-coffee-roasters,https://www.conceptcoffee.sk/strawberry-icecream-colombia/,250,18.0,Strawberry Icecream – Colombia,Praženie: Espresso
2026-07-20,concept-coffee-roasters,https://www.conceptcoffee.sk/strawberry-icecream-colombia/,1000,62.0,Strawberry Icecream – Colombia,Praženie: Espresso
2026-07-20,concept-coffee-roasters,https://www.conceptcoffee.sk/berry-blast-colombia/,250,18.5,Berry Blast – Colombia,Praženie: Filter
2026-07-20,concept-coffee-roasters,https://www.conceptcoffee.sk/berry-blast-colombia/,1000,66.0,Berry Blast – Colombia,Praženie: Filter
2026-07-20,concept-coffee-roasters,https://www.conceptcoffee.sk/berry-blast-colombia/,250,18.5,Berry Blast – Colombia,Praženie: Espresso
2026-07-20,concept-coffee-roasters,https://www.conceptcoffee.sk/berry-blast-colombia/,1000,66.0,Berry Blast – Colombia,Praženie: Espresso
2026-07-20,concept-coffee-roasters,https://www.conceptcoffee.sk/gedicho-ethiopia/,250,14.0,Gedicho – Ethiopia,Praženie: Filter
2026-07-20,concept-coffee-roasters,https://www.conceptcoffee.sk/gedicho-ethiopia/,1000,53.0,Gedicho – Ethiopia,Praženie: Filter
2026-07-20,concept-coffee-roasters,https://www.conceptcoffee.sk/gedicho-ethiopia/,250,14.0,Gedicho – Ethiopia,Praženie: Espresso
2026-07-20,concept-coffee-roasters,https://www.conceptcoffee.sk/gedicho-ethiopia/,1000,53.0,Gedicho – Ethiopia,Praženie: Espresso
2026-07-20,concept-coffee-roasters,https://www.conceptcoffee.sk/kerinci-indonesia/,250,14.0,Kerinci - Indonesia,Praženie: Filter
2026-07-20,concept-coffee-roasters,https://www.conceptcoffee.sk/kerinci-indonesia/,1000,51.0,Kerinci - Indonesia,Praženie: Filter
2026-07-20,concept-coffee-roasters,https://www.conceptcoffee.sk/kerinci-indonesia/,250,14.0,Kerinci - Indonesia,Praženie: Espresso
2026-07-20,concept-coffee-roasters,https://www.conceptcoffee.sk/kerinci-indonesia/,1000,51.0,Kerinci - Indonesia,Praženie: Espresso
2026-07-20,concept-coffee-roasters,https://www.conceptcoffee.sk/cold-shock-colombia/,250,16.0,Cold Shock – Colombia,Praženie: Filter
2026-07-20,concept-coffee-roasters,https://www.conceptcoffee.sk/cold-shock-colombia/,1000,60.0,Cold Shock – Colombia,Praženie: Filter
2026-07-20,concept-coffee-roasters,https://www.conceptcoffee.sk/cold-shock-colombia/,250,16.0,Cold Shock – Colombia,Praženie: Espresso
2026-07-20,concept-coffee-roasters,https://www.conceptcoffee.sk/cold-shock-colombia/,1000,60.0,Cold Shock – Colombia,Praženie: Espresso
2026-07-20,concept-coffee-roasters,https://www.conceptcoffee.sk/nemba-burundi/,250,15.0,Nemba – Burundi,Praženie: Filter
2026-07-20,concept-coffee-roasters,https://www.conceptcoffee.sk/nemba-burundi/,1000,54.0,Nemba – Burundi,Praženie: Filter
2026-07-20,concept-coffee-roasters,https://www.conceptcoffee.sk/nemba-burundi/,250,15.0,Nemba – Burundi,Praženie: Espresso
2026-07-20,concept-coffee-roasters,https://www.conceptcoffee.sk/nemba-burundi/,1000,54.0,Nemba – Burundi,Praženie: Espresso
2026-07-20,diamonds-roastery,https://diroastery.sk/produkt/guatemala-el-mirador/,1000,52.0,Guatemala El Mirador – zrnková káva,espressoroast
2026-07-20,diamonds-roastery,https://diroastery.sk/produkt/guatemala-el-mirador/,1000,52.0,Guatemala El Mirador – zrnková káva,filterroast
2026-07-20,diamonds-roastery,https://diroastery.sk/produkt/guatemala-el-mirador/,250,14.0,Guatemala El Mirador – zrnková káva,espressoroast
2026-07-20,diamonds-roastery,https://diroastery.sk/produkt/guatemala-el-mirador/,250,14.0,Guatemala El Mirador – zrnková káva,filterroast
2026-07-20,diamonds-roastery,https://diroastery.sk/produkt/guatemala-el-mirador/,500,26.0,Guatemala El Mirador – zrnková káva,espressoroast
2026-07-20,diamonds-roastery,https://diroastery.sk/produkt/guatemala-el-mirador/,500,26.0,Guatemala El Mirador – zrnková káva,filterroast
2026-07-20,diamonds-roastery,https://diroastery.sk/produkt/uganda-nyabirongo-natural/,1000,56.0,Uganda Nyabirongo Natural – zrnková káva,espressoroast
2026-07-20,diamonds-roastery,https://diroastery.sk/produkt/uganda-nyabirongo-natural/,250,15.0,Uganda Nyabirongo Natural – zrnková káva,espressoroast
2026-07-20,diamonds-roastery,https://diroastery.sk/produkt/uganda-nyabirongo-natural/,500,28.0,Uganda Nyabirongo Natural – zrnková káva,espressoroast
2026-07-20,diamonds-roastery,https://diroastery.sk/produkt/uganda-nyabirongo-natural/,1000,56.0,Uganda Nyabirongo Natural – zrnková káva,filterroast
2026-07-20,diamonds-roastery,https://diroastery.sk/produkt/uganda-nyabirongo-natural/,250,15.0,Uganda Nyabirongo Natural – zrnková káva,filterroast
2026-07-20,diamonds-roastery,https://diroastery.sk/produkt/uganda-nyabirongo-natural/,500,28.0,Uganda Nyabirongo Natural – zrnková káva,filterroast
2026-07-20,diamonds-roastery,https://diroastery.sk/produkt/kolumbia-kumanday-reserve/,1000,40.0,Kolumbia Kumanday Reserve,espressoroast
2026-07-20,diamonds-roastery,https://diroastery.sk/produkt/kolumbia-kumanday-reserve/,1000,40.0,Kolumbia Kumanday Reserve,automaticky kavovar
2026-07-20,diamonds-roastery,https://diroastery.sk/produkt/kolumbia-kumanday-reserve/,250,11.0,Kolumbia Kumanday Reserve,espressoroast
2026-07-20,diamonds-roastery,https://diroastery.sk/produkt/kolumbia-kumanday-reserve/,250,11.0,Kolumbia Kumanday Reserve,automaticky kavovar
2026-07-20,diamonds-roastery,https://diroastery.sk/produkt/kolumbia-kumanday-reserve/,500,20.0,Kolumbia Kumanday Reserve,espressoroast
2026-07-20,diamonds-roastery,https://diroastery.sk/produkt/kolumbia-kumanday-reserve/,500,20.0,Kolumbia Kumanday Reserve,automaticky kavovar
2026-07-20,diamonds-roastery,https://diroastery.sk/produkt/kongo-kisunga-zrnkova-kava/,250,15.0,Kongo Kisunga – zrnková káva,espressoroast
2026-07-20,diamonds-roastery,https://diroastery.sk/produkt/kongo-kisunga-zrnkova-kava/,500,28.0,Kongo Kisunga – zrnková káva,espressoroast
2026-07-20,diamonds-roastery,https://diroastery.sk/produkt/kongo-kisunga-zrnkova-kava/,1000,56.0,Kongo Kisunga – zrnková káva,espressoroast
2026-07-20,doraz,https://doraz.sk/obchod/brasil-cerrado-doce-diamantina/,250,9.4,BRASIL CERRADO DOCE DIAMANTINA,
2026-07-20,doraz,https://doraz.sk/obchod/brasil-cerrado-doce-diamantina/,500,16.9,BRASIL CERRADO DOCE DIAMANTINA,
2026-07-20,doraz,https://doraz.sk/obchod/brasil-cerrado-doce-diamantina/,1000,31.0,BRASIL CERRADO DOCE DIAMANTINA,
2026-07-20,epera-coffee,https://www.praziarenepera.sk/produkt/etiopia/,500,15.9,Káva ETIÓPIA,
2026-07-20,epera-coffee,https://www.praziarenepera.sk/produkt/kava-kena/,500,15.9,Káva KEŇA,
2026-07-20,epera-coffee,https://www.praziarenepera.sk/produkt/bar-blend/,500,14.5,Káva BAR BLEND,
2026-07-20,epera-coffee,https://www.praziarenepera.sk/produkt/ranny-blend/,500,15.9,Ranný Blend,
2026-07-20,epera-coffee,https://www.praziarenepera.sk/produkt/india/,500,14.5,Káva INDIA,
2026-07-20,good-times-coffee-roasters,https://goodtimes.coffee/produkt/honduras-comsa-co-operative/,200,10.0,Honduras COMSA co-operative,
2026-07-20,good-times-coffee-roasters,https://goodtimes.coffee/produkt/honduras-comsa-co-operative/,1000,40.0,Honduras COMSA co-operative,
2026-07-20,goriffee,https://www.goriffee.com/shop/kava/rwanda-ngororero-natural/,250,15.0,Rwanda Ngororero Natural,medium roast
2026-07-20,goriffee,https://www.goriffee.com/shop/kava/rwanda-ngororero-natural/,1000,58.0,Rwanda Ngororero Natural,medium roast
2026-07-20,goriffee,https://www.goriffee.com/shop/kava/vyberova-kava-na-espresso/brazil-caramelo-natural/,250,11.0,Brazil Caramelo natural,medium roast
2026-07-20,goriffee,https://www.goriffee.com/shop/kava/vyberova-kava-na-espresso/brazil-caramelo-natural/,1000,42.0,Brazil Caramelo natural,medium roast
2026-07-20,goriffee,https://www.goriffee.com/shop/kava/vyberova-kava-na-espresso/brazil-caramelo-natural/,250,11.0,Brazil Caramelo natural,full city roast
2026-07-20,goriffee,https://www.goriffee.com/shop/kava/vyberova-kava-na-espresso/brazil-caramelo-natural/,1000,42.0,Brazil Caramelo natural,full city roast
2026-07-20,jungle-roastery,https://www.jungleroastery.sk/honduras/,1000,46.0,HONDURAS - Café Organico,Praženie: Espresso - moderné
2026-07-20,jungle-roastery,https://www.jungleroastery.sk/honduras/,250,13.0,HONDURAS - Café Organico,Praženie: Espresso - moderné
2026-07-20,jungle-roastery,https://www.jungleroastery.sk/colombia-supremo/,1000,36.0,COLOMBIA Supremo,Praženie: Espresso - tradičné
2026-07-20,jungle-roastery,https://www.jungleroastery.sk/colombia-supremo/,250,10.5,COLOMBIA Supremo,Praženie: Espresso - tradičné
2026-07-20,kaan-roastery,https://kaan.sk/produkt/india-kaapi-royal/,500,15.0,India Kaapi Royal,
2026-07-20,kaan-roastery,https://kaan.sk/produkt/india-kaapi-royal/,1000,27.0,India Kaapi Royal,
2026-07-20,kaan-roastery,https://kaan.sk/produkt/energy-booster/,500,17.5,Energy Booster,
2026-07-20,kaan-roastery,https://kaan.sk/produkt/energy-booster/,1000,32.0,Energy Booster,
2026-07-20,kaan-roastery,https://kaan.sk/produkt/tasty-decaf/,250,13.0,Tasty Decaf,
2026-07-20,kaan-roastery,https://kaan.sk/produkt/tasty-decaf/,500,23.0,Tasty Decaf,
2026-07-20,kaan-roastery,https://kaan.sk/produkt/tasty-decaf/,1000,42.0,Tasty Decaf,
2026-07-20,kaffa-roastery,https://kaffaroastery.sk/produkt/colombia-quebraditas-peach/,200,16.42,Colombia Quebraditas Peach,
2026-07-20,kaffa-roastery,https://kaffaroastery.sk/produkt/kenya-kabingara-estate/,250,13.69,Kenya Kabingara Estate,
2026-07-20,kavoholik,https://kavoholik.sk/stredne-medium/423-386-kavoholik-espresso-kava-stur-a-r-80-20-1kg-zrno.html,250,11.5,"KÁVOHOLIK, espresso káva Štúr, A/R, zmes 80/20",
2026-07-20,kavoholik,https://kavoholik.sk/mokra-washed/1232-577-kavoholik-kena-kiamwangi-iria-ini-washed.html,200,13.77,"KÁVOHOLIK, Keňa, Kiamwangi Iria-ini, washed",
2026-07-20,kavoholik,https://kavoholik.sk/honey/1222-571-kavoholik-kolumbia-edwin-norena-purple-pulse.html,200,26.22,"KÁVOHOLIK, Kolumbia, Edwin Norena, Purple Pulse",
2026-07-20,praziaren-velke-zaluzie,https://www.praziarenvelkezaluzie.sk/guatemala/,500,15.0,GUATEMALA,Zomlieť kávu?: Zrnková káva
2026-07-20,praziaren-velke-zaluzie,https://www.praziarenvelkezaluzie.sk/guatemala/,500,15.0,GUATEMALA,Zomlieť kávu?: Mletá káva na zalievanie
2026-07-20,praziaren-velke-zaluzie,https://www.praziarenvelkezaluzie.sk/guatemala/,500,15.0,GUATEMALA,Zomlieť kávu?: Mletá káva do kávovaru
2026-07-20,praziaren-velke-zaluzie,https://www.praziarenvelkezaluzie.sk/guatemala/,500,15.0,GUATEMALA,Zomlieť kávu?: Mletá káva pre Aeropress
2026-07-20,praziaren-velke-zaluzie,https://www.praziarenvelkezaluzie.sk/guatemala/,500,15.0,GUATEMALA,Zomlieť kávu?: Mletá káva pre mokka kávovar
2026-07-20,praziaren-velke-zaluzie,https://www.praziarenvelkezaluzie.sk/guatemala/,500,15.0,GUATEMALA,"Zomlieť kávu?: Mletá káva na filter (V60, Chemex)"
2026-07-20,praziaren-velke-zaluzie,https://www.praziarenvelkezaluzie.sk/guatemala/,500,15.0,GUATEMALA,Zomlieť kávu?: Mletá káva na frenchpress
2026-07-20,praziaren-velke-zaluzie,https://www.praziarenvelkezaluzie.sk/guatemala/,1000,30.0,GUATEMALA,Zomlieť kávu?: Zrnková káva
2026-07-20,praziaren-velke-zaluzie,https://www.praziarenvelkezaluzie.sk/guatemala/,1000,30.0,GUATEMALA,Zomlieť kávu?: Mletá káva na zalievanie
2026-07-20,praziaren-velke-zaluzie,https://www.praziarenvelkezaluzie.sk/guatemala/,1000,30.0,GUATEMALA,Zomlieť kávu?: Mletá káva do kávovaru
2026-07-20,praziaren-velke-zaluzie,https://www.praziarenvelkezaluzie.sk/guatemala/,1000,30.0,GUATEMALA,Zomlieť kávu?: Mletá káva pre Aeropress
2026-07-20,praziaren-velke-zaluzie,https://www.praziarenvelkezaluzie.sk/guatemala/,1000,30.0,GUATEMALA,Zomlieť kávu?: Mletá káva pre mokka kávovar
2026-07-20,praziaren-velke-zaluzie,https://www.praziarenvelkezaluzie.sk/guatemala/,1000,30.0,GUATEMALA,"Zomlieť kávu?: Mletá káva na filter (V60, Chemex)"
2026-07-20,praziaren-velke-zaluzie,https://www.praziarenvelkezaluzie.sk/guatemala/,1000,30.0,GUATEMALA,Zomlieť kávu?: Mletá káva na frenchpress
2026-07-20,praziaren-velke-zaluzie,https://www.praziarenvelkezaluzie.sk/cappuccinoblend/,500,16.0,CAPPUCCINO BLEND,Zomlieť kávu?: Zrnková káva
2026-07-20,praziaren-velke-zaluzie,https://www.praziarenvelkezaluzie.sk/cappuccinoblend/,500,16.0,CAPPUCCINO BLEND,Zomlieť kávu?: Mletá káva na zalievanie
2026-07-20,praziaren-velke-zaluzie,https://www.praziarenvelkezaluzie.sk/cappuccinoblend/,500,16.0,CAPPUCCINO BLEND,Zomlieť kávu?: Mletá káva do kávovaru
2026-07-20,praziaren-velke-zaluzie,https://www.praziarenvelkezaluzie.sk/cappuccinoblend/,500,16.0,CAPPUCCINO BLEND,Zomlieť kávu?: Mletá káva pre Aeropress
2026-07-20,praziaren-velke-zaluzie,https://www.praziarenvelkezaluzie.sk/cappuccinoblend/,500,16.0,CAPPUCCINO BLEND,Zomlieť kávu?: Mletá káva pre mokka kávovar
2026-07-20,praziaren-velke-zaluzie,https://www.praziarenvelkezaluzie.sk/cappuccinoblend/,500,16.0,CAPPUCCINO BLEND,"Zomlieť kávu?: Mletá káva na filter (V60, Chemex)"
2026-07-20,praziaren-velke-zaluzie,https://www.praziarenvelkezaluzie.sk/cappuccinoblend/,500,16.0,CAPPUCCINO BLEND,Zomlieť kávu?: Mletá káva na frenchpress
2026-07-20,praziaren-velke-zaluzie,https://www.praziarenvelkezaluzie.sk/cappuccinoblend/,1000,32.0,CAPPUCCINO BLEND,Zomlieť kávu?: Zrnková káva
2026-07-20,praziaren-velke-zaluzie,https://www.praziarenvelkezaluzie.sk/cappuccinoblend/,1000,32.0,CAPPUCCINO BLEND,Zomlieť kávu?: Mletá káva na zalievanie
2026-07-20,praziaren-velke-zaluzie,https://www.praziarenvelkezaluzie.sk/cappuccinoblend/,1000,32.0,CAPPUCCINO BLEND,Zomlieť kávu?: Mletá káva do kávovaru
2026-07-20,praziaren-velke-zaluzie,https://www.praziarenvelkezaluzie.sk/cappuccinoblend/,1000,32.0,CAPPUCCINO BLEND,Zomlieť kávu?: Mletá káva pre Aeropress
2026-07-20,praziaren-velke-zaluzie,https://www.praziarenvelkezaluzie.sk/cappuccinoblend/,1000,32.0,CAPPUCCINO BLEND,Zomlieť kávu?: Mletá káva pre mokka kávovar
2026-07-20,praziaren-velke-zaluzie,https://www.praziarenvelkezaluzie.sk/cappuccinoblend/,1000,32.0,CAPPUCCINO BLEND,"Zomlieť kávu?: Mletá káva na filter (V60, Chemex)"
2026-07-20,praziaren-velke-zaluzie,https://www.praziarenvelkezaluzie.sk/cappuccinoblend/,1000,32.0,CAPPUCCINO BLEND,Zomlieť kávu?: Mletá káva na frenchpress
2026-07-20,praziaren-velke-zaluzie,https://www.praziarenvelkezaluzie.sk/ethiopia-yiergacheffe-dark/,1000,17.0,ETHIOPIA YIERGACHEFFE DARK,
2026-07-20,praziaren-velke-zaluzie,https://www.praziarenvelkezaluzie.sk/ethiopia-yiergacheffe-medium/,500,17.0,ETHIOPIA YIERGACHEFFE MEDIUM,Zomlieť kávu?: Zrnková káva
2026-07-20,praziaren-velke-zaluzie,https://www.praziarenvelkezaluzie.sk/ethiopia-yiergacheffe-medium/,500,17.0,ETHIOPIA YIERGACHEFFE MEDIUM,Zomlieť kávu?: Mletá káva na zalievanie
2026-07-20,praziaren-velke-zaluzie,https://www.praziarenvelkezaluzie.sk/ethiopia-yiergacheffe-medium/,500,17.0,ETHIOPIA YIERGACHEFFE MEDIUM,Zomlieť kávu?: Mletá káva do kávovaru
2026-07-20,praziaren-velke-zaluzie,https://www.praziarenvelkezaluzie.sk/ethiopia-yiergacheffe-medium/,500,17.0,ETHIOPIA YIERGACHEFFE MEDIUM,Zomlieť kávu?: Mletá káva pre Aeropress
2026-07-20,praziaren-velke-zaluzie,https://www.praziarenvelkezaluzie.sk/ethiopia-yiergacheffe-medium/,500,17.0,ETHIOPIA YIERGACHEFFE MEDIUM,Zomlieť kávu?: Mletá káva pre mokka kávovar
2026-07-20,praziaren-velke-zaluzie,https://www.praziarenvelkezaluzie.sk/ethiopia-yiergacheffe-medium/,500,17.0,ETHIOPIA YIERGACHEFFE MEDIUM,"Zomlieť kávu?: Mletá káva na filter (V60, Chemex)"
2026-07-20,praziaren-velke-zaluzie,https://www.praziarenvelkezaluzie.sk/ethiopia-yiergacheffe-medium/,500,17.0,ETHIOPIA YIERGACHEFFE MEDIUM,Zomlieť kávu?: Mletá káva na frenchpress
2026-07-20,praziaren-velke-zaluzie,https://www.praziarenvelkezaluzie.sk/ethiopia-yiergacheffe-medium/,1000,34.0,ETHIOPIA YIERGACHEFFE MEDIUM,Zomlieť kávu?: Zrnková káva
2026-07-20,praziaren-velke-zaluzie,https://www.praziarenvelkezaluzie.sk/ethiopia-yiergacheffe-medium/,1000,34.0,ETHIOPIA YIERGACHEFFE MEDIUM,Zomlieť kávu?: Mletá káva na zalievanie
2026-07-20,praziaren-velke-zaluzie,https://www.praziarenvelkezaluzie.sk/ethiopia-yiergacheffe-medium/,1000,34.0,ETHIOPIA YIERGACHEFFE MEDIUM,Zomlieť kávu?: Mletá káva do kávovaru
2026-07-20,praziaren-velke-zaluzie,https://www.praziarenvelkezaluzie.sk/ethiopia-yiergacheffe-medium/,1000,34.0,ETHIOPIA YIERGACHEFFE MEDIUM,Zomlieť kávu?: Mletá káva pre Aeropress
2026-07-20,praziaren-velke-zaluzie,https://www.praziarenvelkezaluzie.sk/ethiopia-yiergacheffe-medium/,1000,34.0,ETHIOPIA YIERGACHEFFE MEDIUM,Zomlieť kávu?: Mletá káva pre mokka kávovar
2026-07-20,praziaren-velke-zaluzie,https://www.praziarenvelkezaluzie.sk/ethiopia-yiergacheffe-medium/,1000,34.0,ETHIOPIA YIERGACHEFFE MEDIUM,"Zomlieť kávu?: Mletá káva na filter (V60, Chemex)"
2026-07-20,praziaren-velke-zaluzie,https://www.praziarenvelkezaluzie.sk/ethiopia-yiergacheffe-medium/,1000,34.0,ETHIOPIA YIERGACHEFFE MEDIUM,Zomlieť kávu?: Mletá káva na frenchpress
2026-07-20,praziaren-velke-zaluzie,https://www.praziarenvelkezaluzie.sk/honduras/,500,15.0,HONDURAS,Zomlieť kávu?: Zrnková káva
2026-07-20,praziaren-velke-zaluzie,https://www.praziarenvelkezaluzie.sk/honduras/,500,15.0,HONDURAS,Zomlieť kávu?: Mletá káva na zalievanie
2026-07-20,praziaren-velke-zaluzie,https://www.praziarenvelkezaluzie.sk/honduras/,500,15.0,HONDURAS,Zomlieť kávu?: Mletá káva do kávovaru
2026-07-20,praziaren-velke-zaluzie,https://www.praziarenvelkezaluzie.sk/honduras/,500,15.0,HONDURAS,Zomlieť kávu?: Mletá káva pre Aeropress
2026-07-20,praziaren-velke-zaluzie,https://www.praziarenvelkezaluzie.sk/honduras/,500,15.0,HONDURAS,Zomlieť kávu?: Mletá káva pre mokka kávovar
2026-07-20,praziaren-velke-zaluzie,https://www.praziarenvelkezaluzie.sk/honduras/,500,15.0,HONDURAS,"Zomlieť kávu?: Mletá káva na filter (V60, Chemex)"
2026-07-20,praziaren-velke-zaluzie,https://www.praziarenvelkezaluzie.sk/honduras/,500,15.0,HONDURAS,Zomlieť kávu?: Mletá káva na frenchpress
2026-07-20,praziaren-velke-zaluzie,https://www.praziarenvelkezaluzie.sk/honduras/,1000,30.0,HONDURAS,Zomlieť kávu?: Zrnková káva
2026-07-20,praziaren-velke-zaluzie,https://www.praziarenvelkezaluzie.sk/honduras/,1000,30.0,HONDURAS,Zomlieť kávu?: Mletá káva na zalievanie
2026-07-20,praziaren-velke-zaluzie,https://www.praziarenvelkezaluzie.sk/honduras/,1000,30.0,HONDURAS,Zomlieť kávu?: Mletá káva do kávovaru
2026-07-20,praziaren-velke-zaluzie,https://www.praziarenvelkezaluzie.sk/honduras/,1000,30.0,HONDURAS,Zomlieť kávu?: Mletá káva pre Aeropress
2026-07-20,praziaren-velke-zaluzie,https://www.praziarenvelkezaluzie.sk/honduras/,1000,30.0,HONDURAS,Zomlieť kávu?: Mletá káva pre mokka kávovar
2026-07-20,praziaren-velke-zaluzie,https://www.praziarenvelkezaluzie.sk/honduras/,1000,30.0,HONDURAS,"Zomlieť kávu?: Mletá káva na filter (V60, Chemex)"
2026-07-20,praziaren-velke-zaluzie,https://www.praziarenvelkezaluzie.sk/honduras/,1000,30.0,HONDURAS,Zomlieť kávu?: Mletá káva na frenchpress
2026-07-20,praziaren-velke-zaluzie,https://www.praziarenvelkezaluzie.sk/costa-rica/,500,16.0,COSTA RICA,Zomlieť kávu?: Zrnková káva
2026-07-20,praziaren-velke-zaluzie,https://www.praziarenvelkezaluzie.sk/costa-rica/,500,16.0,COSTA RICA,Zomlieť kávu?: Mletá káva na zalievanie
2026-07-20,praziaren-velke-zaluzie,https://www.praziarenvelkezaluzie.sk/costa-rica/,500,16.0,COSTA RICA,Zomlieť kávu?: Mletá káva do kávovaru
2026-07-20,praziaren-velke-zaluzie,https://www.praziarenvelkezaluzie.sk/costa-rica/,500,16.0,COSTA RICA,Zomlieť kávu?: Mletá káva pre Aeropress
2026-07-20,praziaren-velke-zaluzie,https://www.praziarenvelkezaluzie.sk/costa-rica/,500,16.0,COSTA RICA,Zomlieť kávu?: Mletá káva pre mokka kávovar
2026-07-20,praziaren-velke-zaluzie,https://www.praziarenvelkezaluzie.sk/costa-rica/,500,16.0,COSTA RICA,"Zomlieť kávu?: Mletá káva na filter (V60, Chemex)"
2026-07-20,praziaren-velke-zaluzie,https://www.praziarenvelkezaluzie.sk/costa-rica/,500,16.0,COSTA RICA,Zomlieť kávu?: Mletá káva na frenchpress
2026-07-20,praziaren-velke-zaluzie,https://www.praziarenvelkezaluzie.sk/costa-rica/,1000,32.0,COSTA RICA,Zomlieť kávu?: Zrnková káva
2026-07-20,praziaren-velke-zaluzie,https://www.praziarenvelkezaluzie.sk/costa-rica/,1000,32.0,COSTA RICA,Zomlieť kávu?: Mletá káva na zalievanie
2026-07-20,praziaren-velke-zaluzie,https://www.praziarenvelkezaluzie.sk/costa-rica/,1000,32.0,COSTA RICA,Zomlieť kávu?: Mletá káva do kávovaru
2026-07-20,praziaren-velke-zaluzie,https://www.praziarenvelkezaluzie.sk/costa-rica/,1000,32.0,COSTA RICA,Zomlieť kávu?: Mletá káva pre Aeropress
2026-07-20,praziaren-velke-zaluzie,https://www.praziarenvelkezaluzie.sk/costa-rica/,1000,32.0,COSTA RICA,Zomlieť kávu?: Mletá káva pre mokka kávovar
2026-07-20,praziaren-velke-zaluzie,https://www.praziarenvelkezaluzie.sk/costa-rica/,1000,32.0,COSTA RICA,"Zomlieť kávu?: Mletá káva na filter (V60, Chemex)"
2026-07-20,praziaren-velke-zaluzie,https://www.praziarenvelkezaluzie.sk/costa-rica/,1000,32.0,COSTA RICA,Zomlieť kávu?: Mletá káva na frenchpress
2026-07-20,simple-coffee,https://simplecoffee.sk/produkt/zrnkova-kava-z-kostariky/,250,9.9,Costa Rica La Pastora Tarrazú – medová arabica z Kostariky,
2026-07-20,simple-coffee,https://simplecoffee.sk/produkt/zrnkova-kava-z-kostariky/,1000,35.9,Costa Rica La Pastora Tarrazú – medová arabica z Kostariky,
2026-07-20,spojka-roastery,https://shop.spojkaroastery.com/en/products/bach,200,21.0,Bach,
2026-07-20,spojka-roastery,https://shop.spojkaroastery.com/en/products/bach,500,52.0,Bach,
2026-07-20,spojka-roastery,https://shop.spojkaroastery.com/en/products/bach,1000,100.0,Bach,
2026-07-20,spojka-roastery,https://shop.spojkaroastery.com/en/products/bach-1,12,3.0,Bach – Costa Rica (Drip Bag),Drip bag (mletá káva)
2026-07-20,spojka-roastery,https://shop.spojkaroastery.com/en/products/gold-digger-colombia-drip-bag,12,3.0,Gold Digger – Colombia (Drip Bag),Drip bag (mletá káva)
2026-07-20,trinity-beans,https://www.trinitybeans.sk/produkt/brasil-santos-co2-decaf-bezkofeinova/,250,9.0,Brasil Santos CO2 Decaf – Bezkofeínová,
2026-07-20,trinity-beans,https://www.trinitybeans.sk/produkt/brasil-santos-co2-decaf-bezkofeinova/,1000,32.0,Brasil Santos CO2 Decaf – Bezkofeínová,
2026-07-20,trinity-beans,https://www.trinitybeans.sk/produkt/brasil-santos-co2-decaf-bezkofeinova/,500,16.0,Brasil Santos CO2 Decaf – Bezkofeínová,
2026-07-20,trinity-beans,https://www.trinitybeans.sk/produkt/lahodna-kvalita/,250,9.0,Lahodná kvalita,
2026-07-20,trinity-beans,https://www.trinitybeans.sk/produkt/lahodna-kvalita/,1000,32.0,Lahodná kvalita,
2026-07-20,trinity-beans,https://www.trinitybeans.sk/produkt/lahodna-kvalita/,500,16.0,Lahodná kvalita,
2026-07-20,trinity-beans,https://www.trinitybeans.sk/produkt/brasil-doce-diamantina/,250,9.0,Brasil Doce Diamantina,
2026-07-20,trinity-beans,https://www.trinitybeans.sk/produkt/brasil-doce-diamantina/,1000,32.0,Brasil Doce Diamantina,
2026-07-20,trinity-beans,https://www.trinitybeans.sk/produkt/brasil-doce-diamantina/,500,16.0,Brasil Doce Diamantina,
2026-07-20,trinity-beans,https://www.trinitybeans.sk/produkt/costa-rica-shb-los-santos-tarrazu/,250,9.0,Costa Rica SHB Los Santos Tarrazu,
2026-07-20,trinity-beans,https://www.trinitybeans.sk/produkt/costa-rica-shb-los-santos-tarrazu/,500,16.0,Costa Rica SHB Los Santos Tarrazu,
2026-07-20,trinity-beans,https://www.trinitybeans.sk/produkt/costa-rica-shb-los-santos-tarrazu/,1000,32.0,Costa Rica SHB Los Santos Tarrazu,
2026-07-20,trip-roasters,https://triproasters.sk/papua-new-guinea-lamari/,250,11.0,PAPUA NEW GUINEA – LAMARI,espresso
2026-07-20,trip-roasters,https://triproasters.sk/papua-new-guinea-lamari/,1000,34.0,PAPUA NEW GUINEA – LAMARI,espresso
2026-07-20,two-hands,https://www.twohands.sk/prazena-kava-blend-two-hands/,500,20.0,Two Hands Blend,
2026-07-26,9-grams-coffee,https://www.coffeeart.me/9-grams-coffee-ethiopia-yirgacheffe-grade-2-co2-decaf-washed/,1000,48.0,9 Grams Coffee Ethiopia Yirgacheffe Grade 2 CO2 Decaf washed,
2026-07-26,9-grams-coffee,https://www.coffeeart.me/9-grams-coffee-ethiopia-yirgacheffe-grade-2-co2-decaf-washed/,250,13.0,9 Grams Coffee Ethiopia Yirgacheffe Grade 2 CO2 Decaf washed,
2026-07-26,9-grams-coffee,https://www.coffeeart.me/9-grams-coffee-dominikanska-republika-barahona-aa-washed/,1000,43.6,9 Grams Coffee Dominikanska Republika Barahona AA washed,
2026-07-26,good-times-coffee-roasters,https://goodtimes.coffee/produkt/brazil-doce-diamantina/,200,9.0,Brazil Doce Diamantina,
2026-07-26,good-times-coffee-roasters,https://goodtimes.coffee/produkt/brazil-doce-diamantina/,1000,35.0,Brazil Doce Diamantina,
2026-07-26,praziaren-velke-zaluzie,https://www.praziarenvelkezaluzie.sk/ethiopia-yiergacheffe-dark/,1000,34.0,ETHIOPIA YIERGACHEFFE DARK,
2026-07-27,9-grams-coffee,https://www.coffeeart.me/9-grams-coffee-ethiopia-yirgacheffe-grade-2-co2-decaf-washed/,1000,34.0,9 Grams Coffee Ethiopia Yirgacheffe Grade 2 CO2 Decaf washed,
2026-07-27,9-grams-coffee,https://www.coffeeart.me/9-grams-coffee-ethiopia-yirgacheffe-grade-2-co2-decaf-washed/,250,12.0,9 Grams Coffee Ethiopia Yirgacheffe Grade 2 CO2 Decaf washed,
2026-07-27,9-grams-coffee,https://www.coffeeart.me/9-grams-coffee-dominikanska-republika-barahona-aa-washed/,1000,33.9,9 Grams Coffee Dominikanska Republika Barahona AA washed,
2026-07-27,praziaren-velke-zaluzie,https://www.praziarenvelkezaluzie.sk/ethiopia-yiergacheffe-dark/,1000,17.0,ETHIOPIA YIERGACHEFFE DARK,
2026-07-28,9-grams-coffee,https://www.coffeeart.me/9-grams-coffee-ethiopia-yirgacheffe-grade-2-co2-decaf-washed/,1000,48.0,9 Grams Coffee Ethiopia Yirgacheffe Grade 2 CO2 Decaf washed,
2026-07-28,9-grams-coffee,https://www.coffeeart.me/9-grams-coffee-ethiopia-yirgacheffe-grade-2-co2-decaf-washed/,250,13.0,9 Grams Coffee Ethiopia Yirgacheffe Grade 2 CO2 Decaf washed,
2026-07-28,9-grams-coffee,https://www.coffeeart.me/9-grams-coffee-dominikanska-republika-barahona-aa-washed/,1000,43.6,9 Grams Coffee Dominikanska Republika Barahona AA washed,
2026-07-28,praziaren-velke-zaluzie,https://www.praziarenvelkezaluzie.sk/ethiopia-yiergacheffe-dark/,1000,34.0,ETHIOPIA YIERGACHEFFE DARK,
2026-08-16,9-grams-coffee,https://www.coffeeart.me/9-grams-coffee-dominikanska-republika-barahona-aa-washed/,1000,33.9,9 Grams Coffee Dominikanska Republika Barahona AA washed,
2026-08-16,9-grams-coffee,https://www.coffeeart.me/9-grams-coffee-ethiopia-yirgacheffe-grade-2-co2-decaf-washed/,1000,34.0,9 Grams Coffee Ethiopia Yirgacheffe Grade 2 CO2 Decaf washed,
2026-08-16,9-grams-coffee,https://www.coffeeart.me/9-grams-coffee-ethiopia-yirgacheffe-grade-2-co2-decaf-washed/,250,12.0,9 Grams Coffee Ethiopia Yirgacheffe Grade 2 CO2 Decaf washed,
2026-08-16,praziaren-velke-zaluzie,https://www.praziarenvelkezaluzie.sk/ethiopia-yiergacheffe-dark/,1000,17.0,ETHIOPIA YIERGACHEFFE DARK,
2026-08-17,9-grams-coffee,https://www.coffeeart.me/9-grams-coffee-ethiopia-yirgacheffe-grade-2-co2-decaf-washed/,1000,48.0,9 Grams Coffee Ethiopia Yirgacheffe Grade 2 CO2 Decaf washed,
2026-08-17,9-grams-coffee,https://www.coffeeart.me/9-grams-coffee-ethiopia-yirgacheffe-grade-2-co2-decaf-washed/,250,13.0,9 Grams Coffee Ethiopia Yirgacheffe Grade 2 CO2 Decaf washed,
2026-08-17,9-grams-coffee,https://www.coffeeart.me/9-grams-coffee-dominikanska-republika-barahona-aa-washed/,1000,43.6,9 Grams Coffee Dominikanska Republika Barahona AA washed,
2026-08-17,praziaren-velke-zaluzie,https://www.praziarenvelkezaluzie.sk/ethiopia-yiergacheffe-dark/,1000,34.0,ETHIOPIA YIERGACHEFFE DARK,
2026-08-18,9-grams-coffee,https://www.coffeeart.me/9-grams-coffee-ethiopia-yirgacheffe-grade-2-co2-decaf-washed/,1000,34.0,9 Grams Coffee Ethiopia Yirgacheffe Grade 2 CO2 Decaf washed,
2026-08-18,9-grams-coffee,https://www.coffeeart.me/9-grams-coffee-ethiopia-yirgacheffe-grade-2-co2-decaf-washed/,250,12.0,9 Grams Coffee Ethiopia Yirgacheffe Grade 2 CO2 Decaf washed,
2026-08-18,9-grams-coffee,https://www.coffeeart.me/9-grams-coffee-dominikanska-republika-barahona-aa-washed/,1000,33.9,9 Grams Coffee Dominikanska Republika Barahona AA washed,
2026-08-18,praziaren-velke-zaluzie,https://www.praziarenvelkezaluzie.sk/ethiopia-yiergacheffe-dark/,1000,17.0,ETHIOPIA YIERGACHEFFE DARK,
2026-08-20,9-grams-coffee,https://www.coffeeart.me/9-grams-coffee-ethiopia-yirgacheffe-grade-2-co2-decaf-washed/,1000,48.0,9 Grams Coffee Ethiopia Yirgacheffe Grade 2 CO2 Decaf washed,
2026-08-20,9-grams-coffee,https://www.coffeeart.me/9-grams-coffee-ethiopia-yirgacheffe-grade-2-co2-decaf-washed/,250,13.0,9 Grams Coffee Ethiopia Yirgacheffe Grade 2 CO2 Decaf washed,
2026-08-20,9-grams-coffee,https://www.coffeeart.me/9-grams-coffee-dominikanska-republika-barahona-aa-washed/,1000,43.6,9 Grams Coffee Dominikanska Republika Barahona AA washed,
2026-08-20,praziaren-velke-zaluzie,https://www.praziarenvelkezaluzie.sk/ethiopia-yiergacheffe-dark/,1000,34.0,ETHIOPIA YIERGACHEFFE DARK,
2026-08-21,9-grams-coffee,https://www.coffeeart.me/9-grams-coffee-ethiopia-yirgacheffe-grade-2-co2-decaf-washed/,1000,34.0,9 Grams Coffee Ethiopia Yirgacheffe Grade 2 CO2 Decaf washed,
2026-08-21,9-grams-coffee,https://www.coffeeart.me/9-grams-coffee-ethiopia-yirgacheffe-grade-2-co2-decaf-washed/,250,12.0,9 Grams Coffee Ethiopia Yirgacheffe Grade 2 CO2 Decaf washed,
2026-08-21,9-grams-coffee,https://www.coffeeart.me/9-grams-coffee-dominikanska-republika-barahona-aa-washed/,1000,33.9,9 Grams Coffee Dominikanska Republika Barahona AA washed,
2026-08-21,praziaren-velke-zaluzie,https://www.praziarenvelkezaluzie.sk/ethiopia-yiergacheffe-dark/,1000,17.0,ETHIOPIA YIERGACHEFFE DARK,
2026-08-22,9-grams-coffee,https://www.coffeeart.me/9-grams-coffee-dominikanska-republika-barahona-aa-washed/,1000,43.6,9 Grams Coffee Dominikanska Republika Barahona AA washed,
2026-08-22,9-grams-coffee,https://www.coffeeart.me/9-grams-coffee-ethiopia-yirgacheffe-grade-2-co2-decaf-washed/,1000,48.0,9 Grams Coffee Ethiopia Yirgacheffe Grade 2 CO2 Decaf washed,
2026-08-22,9-grams-coffee,https://www.coffeeart.me/9-grams-coffee-ethiopia-yirgacheffe-grade-2-co2-decaf-washed/,250,13.0,9 Grams Coffee Ethiopia Yirgacheffe Grade 2 CO2 Decaf washed,
2026-08-22,praziaren-velke-zaluzie,https://www.praziarenvelkezaluzie.sk/ethiopia-yiergacheffe-dark/,1000,34.0,ETHIOPIA YIERGACHEFFE DARK,
2026-08-23,9-grams-coffee,https://www.coffeeart.me/9-grams-coffee-ethiopia-yirgacheffe-grade-2-co2-decaf-washed/,1000,34.0,9 Grams Coffee Ethiopia Yirgacheffe Grade 2 CO2 Decaf washed,
2026-08-23,9-grams-coffee,https://www.coffeeart.me/9-grams-coffee-ethiopia-yirgacheffe-grade-2-co2-decaf-washed/,250,12.0,9 Grams Coffee Ethiopia Yirgacheffe Grade 2 CO2 Decaf washed,
2026-08-23,9-grams-coffee,https://www.coffeeart.me/9-grams-coffee-dominikanska-republika-barahona-aa-washed/,1000,33.9,9 Grams Coffee Dominikanska Republika Barahona AA washed,
2026-08-23,praziaren-velke-zaluzie,https://www.praziarenvelkezaluzie.sk/ethiopia-yiergacheffe-dark/,1000,17.0,ETHIOPIA YIERGACHEFFE DARK,
2026-08-24,9-grams-coffee,https://www.coffeeart.me/9-grams-coffee-dominikanska-republika-barahona-aa-washed/,1000,43.6,9 Grams Coffee Dominikanska Republika Barahona AA washed,
2026-08-24,9-grams-coffee,https://www.coffeeart.me/9-grams-coffee-ethiopia-yirgacheffe-grade-2-co2-decaf-washed/,1000,48.0,9 Grams Coffee Ethiopia Yirgacheffe Grade 2 CO2 Decaf washed,
2026-08-24,9-grams-coffee,https://www.coffeeart.me/9-grams-coffee-ethiopia-yirgacheffe-grade-2-co2-decaf-washed/,250,13.0,9 Grams Coffee Ethiopia Yirgacheffe Grade 2 CO2 Decaf washed,
2026-08-24,praziaren-velke-zaluzie,https://www.praziarenvelkezaluzie.sk/ethiopia-yiergacheffe-dark/,1000,34.0,ETHIOPIA YIERGACHEFFE DARK,
2026-08-25,9-grams-coffee,https://www.coffeeart.me/9-grams-coffee-ethiopia-yirgacheffe-grade-2-co2-decaf-washed/,1000,34.0,9 Grams Coffee Ethiopia Yirgacheffe Grade 2 CO2 Decaf washed,
2026-08-25,9-grams-coffee,https://www.coffeeart.me/9-grams-coffee-ethiopia-yirgacheffe-grade-2-co2-decaf-washed/,250,12.0,9 Grams Coffee Ethiopia Yirgacheffe Grade 2 CO2 Decaf washed,
2026-08-25,9-grams-coffee,https://www.coffeeart.me/9-grams-coffee-dominikanska-republika-barahona-aa-washed/,1000,33.9,9 Grams Coffee Dominikanska Republika Barahona AA washed,
2026-08-25,praziaren-velke-zaluzie,https://www.praziarenvelkezaluzie.sk/ethiopia-yiergacheffe-dark/,1000,17.0,ETHIOPIA YIERGACHEFFE DARK,
2026-08-26,9-grams-coffee,https://www.coffeeart.me/9-grams-coffee-dominikanska-republika-barahona-aa-washed/,1000,43.6,9 Grams Coffee Dominikanska Republika Barahona AA washed,
2026-08-26,9-grams-coffee,https://www.coffeeart.me/9-grams-coffee-ethiopia-yirgacheffe-grade-2-co2-decaf-washed/,1000,48.0,9 Grams Coffee Ethiopia Yirgacheffe Grade 2 CO2 Decaf washed,
2026-08-26,9-grams-coffee,https://www.coffeeart.me/9-grams-coffee-ethiopia-yirgacheffe-grade-2-co2-decaf-washed/,250,13.0,9 Grams Coffee Ethiopia Yirgacheffe Grade 2 CO2 Decaf washed,
2026-08-26,praziaren-velke-zaluzie,https://www.praziarenvelkezaluzie.sk/ethiopia-yiergacheffe-dark/,1000,34.0,ETHIOPIA YIERGACHEFFE DARK,
2026-08-27,9-grams-coffee,https://www.coffeeart.me/9-grams-coffee-dominikanska-republika-barahona-aa-washed/,1000,33.9,9 Grams Coffee Dominikanska Republika Barahona AA washed,
2026-08-27,9-grams-coffee,https://www.coffeeart.me/9-grams-coffee-ethiopia-yirgacheffe-grade-2-co2-decaf-washed/,1000,34.0,9 Grams Coffee Ethiopia Yirgacheffe Grade 2 CO2 Decaf washed,
2026-08-27,9-grams-coffee,https://www.coffeeart.me/9-grams-coffee-ethiopia-yirgacheffe-grade-2-co2-decaf-washed/,250,12.0,9 Grams Coffee Ethiopia Yirgacheffe Grade 2 CO2 Decaf washed,
2026-08-27,praziaren-velke-zaluzie,https://www.praziarenvelkezaluzie.sk/ethiopia-yiergacheffe-dark/,1000,17.0,ETHIOPIA YIERGACHEFFE DARK,
2026-08-28,9-grams-coffee,https://www.coffeeart.me/9-grams-coffee-ethiopia-yirgacheffe-grade-2-co2-decaf-washed/,1000,48.0,9 Grams Coffee Ethiopia Yirgacheffe Grade 2 CO2 Decaf washed,
2026-08-28,9-grams-coffee,https://www.coffeeart.me/9-grams-coffee-ethiopia-yirgacheffe-grade-2-co2-decaf-washed/,250,13.0,9 Grams Coffee Ethiopia Yirgacheffe Grade 2 CO2 Decaf washed,
2026-08-28,9-grams-coffee,https://www.coffeeart.me/9-grams-coffee-dominikanska-republika-barahona-aa-washed/,1000,43.6,9 Grams Coffee Dominikanska Republika Barahona AA washed,
2026-08-28,praziaren-velke-zaluzie,https://www.praziarenvelkezaluzie.sk/ethiopia-yiergacheffe-dark/,1000,34.0,ETHIOPIA YIERGACHEFFE DARK,
2026-08-29,9-grams-coffee,https://www.coffeeart.me/9-grams-coffee-dominikanska-republika-barahona-aa-washed/,1000,33.9,9 Grams Coffee Dominikanska Republika Barahona AA washed,
2026-08-29,9-grams-coffee,https://www.coffeeart.me/9-grams-coffee-ethiopia-yirgacheffe-grade-2-co2-decaf-washed/,1000,34.0,9 Grams Coffee Ethiopia Yirgacheffe Grade 2 CO2 Decaf washed,
2026-08-29,9-grams-coffee,https://www.coffeeart.me/9-grams-coffee-ethiopia-yirgacheffe-grade-2-co2-decaf-washed/,250,12.0,9 Grams Coffee Ethiopia Yirgacheffe Grade 2 CO2 Decaf washed,
2026-08-29,praziaren-velke-zaluzie,https://www.praziarenvelkezaluzie.sk/ethiopia-yiergacheffe-dark/,1000,17.0,ETHIOPIA YIERGACHEFFE DARK,
2026-08-30,9-grams-coffee,https://www.coffeeart.me/9-grams-coffee-dominikanska-republika-barahona-aa-washed/,1000,43.6,9 Grams Coffee Dominikanska Republika Barahona AA washed,
2026-08-30,9-grams-coffee,https://www.coffeeart.me/9-grams-coffee-ethiopia-yirgacheffe-grade-2-co2-decaf-washed/,1000,48.0,9 Grams Coffee Ethiopia Yirgacheffe Grade 2 CO2 Decaf washed,
2026-08-30,9-grams-coffee,https://www.coffeeart.me/9-grams-coffee-ethiopia-yirgacheffe-grade-2-co2-decaf-washed/,250,13.0,9 Grams Coffee Ethiopia Yirgacheffe Grade 2 CO2 Decaf washed,
2026-08-30,praziaren-velke-zaluzie,https://www.praziarenvelkezaluzie.sk/ethiopia-yiergacheffe-dark/,1000,34.0,ETHIOPIA YIERGACHEFFE DARK,
